:103000006F70102D7D7106C69307803E3356F70210
:10301000B376F702A947B3D6F602B7350000938519
:10302000C502EF90905AB2404161828025642E25FE
:0830300030326400730010004F
:103038006FF09FFC000000006F00801A6F00801A7C
:1030480083D70500918FBD42B3875702B3D7D70204
:103058008507A1423E83814363F5F2001683B3835B
:1030680057401303130823006500938313082305AF
:1030780075FE050589057D1761F745A87D7106C6AA
:103088002AC4B715002003A641A394413287158F9F
:1030980083D701942983630107047D17631307000D
:1030A80021A890C19386450045472390F6008906DC
:1030B8007D1765FF15A05FF493864500414783D2CD
:1030C80026002390560089067D1775FB2390F6008D
:1030D80090C119A06F6050357D568147454793864A
:1030E8002500890683D2060063F3C200168663F3BF
:1030F800570096877D1775F732C23EC029A8B715C5
:10310800002012468246918E91E28546224511059D
:103118009105454735B7224529150247EFF01FEEBF
:1031280022451247EFF09FEDD9BF23000500230584
:0831380005FEB24041618280F6
:103140003D432A876373C3029377F700BDEFADE574
:10315000937606FF3D8ABA960CC34CC30CC74CC786
:103160004107E36BD7FE11E28280B306C3408A06B3
:103170009702000096966780A6002307B700A30673
:10318000B7002306B700A305B7002305B700A304C3
:10319000B7002304B700A303B7002303B700A302BB
:1031A000B7002302B700A301B7002301B700A300B3
:1031B000B7002300B700828093F5F50F9396850042
:1031C000D58D93960501D58D61B79396270097020B
:1031D000000096968682E78086FA9680C1171D8F3A
:1031E0003E96E374C3F8A5B77300203001A0B7176B
:1031F00002409843B706FFF841111367170098C3C0
:10320000D84337060200758FD8C39843B706F7FE38
:10321000FD16758F98C39843B706FCFFFD16758F92
:1032200098C3D843B70681FFFD16758FD8C33707FB
:103230009F0098C702C402C69843C166558F98C3C1
:10324000B7160240130700509C42F18F3EC6A247BA
:1032500085073EC4B24781E7A247E397E7FEB71769
:1032600002409C431397E7006354070885473EC616
:1032700032478547631CF706B72702409843B706D5
:10328000C1FFFD161367070198C39843719B98C34C
:1032900098431367270098C3B7170240D843D8C391
:1032A000D843D8C3D84313670740D8C3D843758FD2
:1032B000D8C3D843B7061D00558FD8C39843B70667
:1032C0000001558F98C3984393166700E3DD06FE0F
:1032D000D843B7160240719BD8C3D8431367270061
:1032E000D8C32147DC42B18BE39EE7FE41018280D7
:1032F00002C6BDBF03C7B1A0797126D206D622D4BB
:103300004AD04ECE52CC56CA5AC85EC69147938414
:10331000819A6318F70083C7040093C717002380BE
:10332000F4009387813783D767011389813791EB45
:1033300071171377B70F11E723AE013E8546A38AB5
:10334000D19A03C704006305071A954663EDF6009A
:10335000B9668A079386C606B6979C438287134749
:1033600017002380E400EF60500C03A7019313843F
:103370000193198D2547637EA70093874193984356
:1033800093062003050763EEE61698C3EF60F00985
:1033900008C0B7EA0000396B81491384C13A138A27
:1033A000C18B938A8A2F130B4B089387F9FF93F7EE
:1033B000F70F1547636AF7148A07DA979C438287E9
:1033C0001384C1328357E40313074006B3D7E702DF
:1033D0009389619A0947E54605469385619A314587
:1033E0002390F900EF50B07283D70900130740060D
:1033F000B387E702231FF402BDB71384C13283579A
:10340000040413074006B3D7E7029389619A09477A
:103410009306C00305469385619A35452390F900CC
:10342000EF50F06E83D7090013074006B387E70219
:10343000C207C1832310F4042312F4042DB71384AC
:10344000C1328357240413074006B3D7E702938998
:10345000619A0947E54605469385619A3945239067
:10346000F900EF50D06A83D7090013074006B387ED
:10347000E7022311F404C5BD1384C1328357440409
:1034800013064006B3D7C7029389619A094793068A
:10349000C0039385619A3D452390F9008357040446
:1034A00033D6C702EF50B06683D709001307400632
:1034B000B387E70251B71384C132835764041307FB
:1034C0004006B3D7E7029389619A0947E546054666
:1034D0009385619A41452390F900EF50506383D75B
:1034E000090013074006B387E7022313F404A5BDC0
:1034F0000147954601469385E1382945EF503061F3
:103500009DB523A0070059B58357E400D28591E308
:10351000D685138581D2EF90B00F75A883C70400BC
:10352000B1A8930670023307D9022183130747130A
:103530009306803EB387D702B3D7E7022317F40080
:103540006F20A03C09A801E62393F50229A063742B
:10355000F7002393F5026F2000504D41582043554A
:10356000520085311385E1D3EF903006ADA037F6D8
:1035700000001306864D93864184C9BF9387C132EC
:1035800003D7E7039307703E938BC13263F9E708D3
:103590008357E400B5EF37E60000B7E600001306F6
:1035A00046309386C630B7E70000B7E50000938742
:1035B0004731938585321385E1D3EF9010019387CE
:1035C000C1A903D7EB0383D627006386E60023AAAD
:1035D00001922391E7004E85814649468145EF607F
:1035E0006047850993F9F90F9D47E390F9DC225470
:1035F00003456901B25092540259F249624AD24AD3
:10360000424BB24B85464946814545616F608044D7
:1036100037F600001306864D9386418469B79307F9
:103620003006E3FEE7F88357E40085C337F6000071
:103630001306864D93864184B7E70000B7E5000086
:103640009387473193858533BDB737E60000B7E6EA
:103650000000130646309386C630F9BF83C70400C6
:10366000A1A8638D07001383F2FF9303C003337394
:1036700073020503B3F767026F20C00B93071000B6
:103680006F20400B1306C61F93860631B7E7000074
:1036900037E70000B7E50000938747611307C7735A
:1036A00093858534138541D5C1B537E600001306EF
:1036B000062093864183D9BF9387C13203D707047D
:1036C0009307703E938BC13263FDE7048357E40098
:1036D000B1E337E60000B7E600001306C61F938685
:1036E0000631B7E70000B7E500009387476193858F
:1036F0004535138541D5EF90406D9387C1A903D718
:103700000B0483D64700E388E6EC23AA01922392B8
:10371000E700D1B537E60000130606209386418303
:10372000C9B793073006E3FAE7FC8357E40095E353
:1037300037E60000B7E600001306C61F9386063181
:10374000B7E70000B7E5000093874761938505362A
:103750004DB737E600001306062093864183CDB7A8
:1037600083C70400A1A883D2E1216388020003D3A8
:10377000611E6374F3009307401F2312F4006F204F
:10378000A06F00001306864D93864184B7E70000C2
:1037900037E70000B7E50000938747311307C77389
:1037A0009385C5361385A1D6C1B337E60000B7E6C9
:1037B0000000130646309386C630C9BF9387C132D6
:1037C00003D727049307703E938BC13263FDE70450
:1037D0008357E400B1E337E60000B7E600001306C4
:1037E00046309386C630B7E70000B7E50000938700
:1037F00047319385C5371385A1D6EF90005D938738
:10380000C1A903D72B0483D66700E386E6DC23AA8D
:1038100001922393E700C1B337F600001306864DEB
:1038200093864184C9B793073006E3FAE7FC8357D0
:10383000E40095E337E60000B7E6000013064630E3
:103840009386C630B7E70000B7E50000938747319D
:103850009385C5384DB737F600001306864D93861D
:103860004184CDB783C70400A1A89382611E63146D
:103870005E1003D3E1216300031003D3013B63FC1B
:10388000670E6F00C00E000013060620938641836A
:10389000B7E7000037E70000B7E50000938747610E
:1038A0001307C77393858534138501D875B937E637
:1038B0000000B7E600001306C61F93860631C9BF95
:1038C0009387C13203D747049307703E938BC1326D
:1038D00063FDE7048357E400A1C337E60000130645
:1038E000062093864183B7E70000B7E50000938781
:1038F000476193854535138501D8EF90004D938737
:10390000C1A903D74B0483D68700E386E6CC23AA5C
:1039100001922394E700C1B137E60000B7E600004A
:103920001306C61F938606317DBF93073006E3F862
:10393000E7FC8357E40095E337E60000B7E60000B4
:103940001306C61F93860631B7E70000B7E50000EF
:10395000938747619385053679BF37E600001306E4
:10396000062093864183CDB783C70400A1A8B7176B
:103970000000938707772310FE006F20702483D206
:10398000E121E39002CE8D0779476F10705A864D82
:1039900093864184B7E7000037E70000B7E50000F1
:1039A000938747311307C7739385C539138561D949
:1039B00065BE37E60000B7E6000013064630938682
:1039C000C630C9BF9387C13203D767049307703EDF
:1039D000938BC13263FDE7048357E400A1C337F63C
:1039E00000001306864D93864184B7E70000B7E5D3
:1039F0000000938747319385C53A138561D9EF90CD
:103A0000C03C9387C1A903D76B0483D6A700E38486
:103A1000E6BC23AA01922395E70075BE37E60000B5
:103A2000B7E60000130646309386C6307DBF930785
:103A30003006E3F8E7FC8357E40085C337F600005F
:103A40001306864D93864184B7E70000B7E5000072
:103A5000938747319385C53B4DB737E60000B7E6FE
:103A60000000130646309386C630F9BFB7E5000064
:103A70009385C53C1385C1DA79BC79714AD0138727
:103A8000C1320356C70322D426D24ECE06D652CC1C
:103A900056CA5AC85EC662C466C26AC0854583C734
:103AA000819A83C681939389819A1384C1329384C6
:103AB00081936313B60603D501399945631EB50496
:103AC000B3E5D700B1E989472380F40083C7B1A0EB
:103AD00005476396E7002380F4002380090093875D
:103AE000C11D238B0702238707062383070A238F21
:103AF000070C238B0710238707142254B2509254CB
:103B00000259F249624AD24A424BB24B224C924C81
:103B1000024D45616FF00FFE8945E389B6FA03C790
:103B2000B1A091466316D70093C717002380F90010
:103B30009387813783D78701138A813791EB711778
:103B40001377B70F11E723AE013E8546A38AD19ABA
:103B500003C709006308071C994663EDF600B966C0
:103B60008A079386C609B6979C4382871347170036
:103B70002380E90083478A01238AF194994603C789
:103B80005195138C4195938B519563F6F61A3387B3
:103B9000E740E91763C5E61AEF60200903A7019320
:103BA00093840193198D2547637EA70093874193E2
:103BB000984393062003050763E6E61898C3EF6071
:103BC000C00688C0B96C0149938C8C0B938A81D252
:103BD000138BC13A9384C1A883C70B001D47137D83
:103BE000F90FCA97636BF7228A07E6979C4382878F
:103BF0008357C40013074006B3D7E7029384619A42
:103C00000947E54605469385619A01452390F400EE
:103C1000EF50E06F83D7040013074006B387E70235
:103C2000C207C1832316F4002396F1322311F40056
:103C30002312F4002313F4002314F4002315F400DA
:103C400015BF835704019384619A0947D1460546FD
:103C50009385619A0D452390F400EF50406B83D714
:103C600004002318F40039B7835744012947B3D718
:103C7000E7029384619A09479306500A13062008C5
:103C80009385619A15452390F400EF50406883D7DF
:103C900004002947B387E702231AF400E1BD8357E4
:103CA000640113078025B3D7E7029384619A09471B
:103CB0009306000301469385619A19452390F40009
:103CC000EF50E06483D7040013078025B387E70231
:103CD000231BF40045B5835784019384619A0947F7
:103CE0009306300675469385619A1D452390F4002E
:103CF000EF50E06183D70400231CF400A5BD1389B5
:103D0000619A2310C9000947854601469385619A47
:103D10002145EF50C05F8357090023800400231E14
:103D2000F40289BD0147994601469385013905454D
:103D3000EF50E05D81B5E30107E6E3FFE7E42380B0
:103D4000FB0099BD23A007009DBD59453305A9027D
:103D50008357EB00569581EBB7E500009385852FDF
:103D6000EF90000B5DA89385C18BDDBF59453305EE
:103D7000A90283C609008357EB0037E70000569578
:103D8000A5C603A64193F94663F0C60603568A0109
:103D90008546631BD60485EF37E600001306C6266A
:103DA0008357C4009306703E63E6F602930630061E
:103DB00063E7F602B7E600009386063EB7E500002B
:103DC000130747319385C531EF902000B9A01386C2
:103DD0004184F9B7B7E600009386C673C5B7B7E666
:103DE000000093860620D9BFA5EF37E60000130632
:103DF000C6268356C400B7E50000130747319385F4
:103E0000C532EF80907C8357C40003D7240063063B
:103E1000F70023AA01922391F40081464946814587
:103E20006A85EF50304305099D47E317F9DA0345EA
:103E30000C0083C70B002254B25092540259F2492D
:103E4000624AD24A424BB24B224C924C024D1D8DDB
:103E50008546494681451375F50F45616F50903F82
:103E60001386418479B759453305A90283C60900F1
:103E70008357EB0037E7000056959DCE03A641938C
:103E8000F94663FBC60203568A0189466316D602C9
:103E900085E337E6000013064627B7E60000130760
:103EA000472C9386063EB7E500009385852C29BFF5
:103EB000396613064643D5B795EB37E6000013067F
:103EC000462783560401B7E500001307472C938566
:103ED000052DEF80906F8357040103D74400E30E54
:103EE000F7F223AA01922392F40005BF3966130664
:103EF0004643C1BF59453305A90203C7090083558D
:103F000044018357EB0056953DC383A641937947FF
:103F1000637FD70483568A010D47639AE60413072B
:103F20004051B7E600006372B70281EF37E6000048
:103F30001306062837E700001307872D9386C673FC
:103F40009DB739661306C64DF5B791EF37E6000009
:103F5000130606289386C673B7E500009385C52D22
:103F6000EF80B0665DBD39661306C64DE5B7130731
:103F700040516379B704B9E337E600001306062819
:103F80009306803E33F8D5022947B7E700009387B0
:103F9000872DB3D6D502B7E500009385452E33575C
:103FA000E802EF8090628357440103D76400E30680
:103FB000F7E623AA01922393F40085B53966130628
:103FC000C64D7DBF010037E60000B7E600001306CE
:103FD00006289386863EB7E500009385C52DEF80C1
:103FE000D05ED1B739661306C64D93860188E5B712
:103FF00059453305A90203C7090083566401835755
:10400000EB00569525C703A6419379476370C70611
:1040100003568A011147631BE60485CE9DE337E60C
:1040200000001306062985679387F77663EED700AD
:10403000B7F600009386869637E700001307472FF0
:104040009DB51386818DC5B7B7E60000938606201F
:10405000E5B791EB37E6000013060629B7E6000046
:1040600093860620D5BD1386818DCDBFB1C295EF55
:1040700037E60000130606299307C003B3D6F602FD
:1040800037E70000B7E500001307472F9385052D9C
:10409000EF80B0538357640103D78400E30FF7D652
:1040A00023AA01922394F4008DBB1386818DE9B776
:1040B00081CF1386818D93860188B7E500009385B3
:1040C000C52DEF809050F9B737E60000B7E6000045
:1040D000130606299386863ECDB759453305A902B6
:1040E00003C709008357EB00569539C383A6419354
:1040F0007947637FD70283568A011547639AE602A0
:1041000099EF37E600001306862903578401F54727
:1041100063FBE700B7E600009386C62A35BD396623
:104120001306464CDDB7B7F60000938686962DB58C
:104130008356840175476364D7048DCB39661306B3
:10414000464C93860188B7E500009385C52DEF8026
:10415000D047231C04008357840103D7A400E30E37
:10416000F7CA23AA01922395F40045B937E6000067
:10417000B7E60000130686299386863EE9B785E3F5
:1041800037E600001306862937E70000B7E5000090
:10419000130747319385052DEF8030436DBF396696
:1041A0001306464CD5B759453305A90203C7090084
:1041B0008357EB00B7E5000056950DCB83A64193DE
:1041C00079476375D70283568A0119476390E602DF
:1041D00091EB37E600001306462BB7E60000938606
:1041E0000620ADBB39661306064AC5BF85EF37E624
:1041F00000001306462B0357C4030DCB95EFB7F60B
:104200000000938606089385C52DEF80103C8357E8
:10421000C40303D7C400E302F7C023AA0192239684
:10422000F400E5BE39661306064AF1B789EBB7E636
:1042300000009386863EC1BF93864188E9B7938686
:104240000188D1B759453305A902B7E50000938528
:10425000C53C569531B683C7B1A0797122D406D634
:1042600026D24AD04ECE52CC56CA5AC85EC6114744
:104270001384819A6398E7000347040013471700EB
:104280002300E4001387813703574701938981375F
:1042900011EBF11793F7B70F91E723AE013E854677
:1042A000A38AD19A83470400638D070E8546630075
:1042B000D7082DCB89476309F70AEF50101703A7DA
:1042C000019393840193198D2547637EA7009387FB
:1042D0004193984393062003050763EDE60C98C3CA
:1042E000EF50B01488C0814A138BC13A1389C13290
:1042F000138AC1A8938BC18493F4FA0F894763830F
:10430000F41C63EC970A8547638AF40C8357EB002F
:10431000F9E3B7E500009385852F138581D2EF80FF
:10432000302F9DA293C717002300F40079B7938420
:10433000C13283D7A40113074006B3D7E70213891C
:10434000619A0947BD4605469385619A3945231010
:10435000F900EF40D07B8357090013074006B3876D
:10436000E702239DF40091BF9384C13283D7A40256
:1043700013074006B3D7E7021389619A0547C14680
:1043800021469385619A3D452310F900EF4030782E
:104390008357090013074006B387E7022395F40209
:1043A00029BF0147894601469385C1385145EF40F1
:1043B000107621B723A0070025B79947E3E897F4C3
:1043C000D947B387FA02B7E50000138581D29385F8
:1043D000C53C3E95A9B79385C18B81B78346040040
:1043E0008357EB0037E70000ADC603A64193F946BB
:1043F00063F1C60683D64901639D960495EF37E6BF
:1044000000001306C6268357A9019306703E63E891
:10441000F6029306300663E9F602B7E600009386DB
:10442000063EB7E50000130747319385C531138574
:10443000E1D3EF80901989A813864184E9B7B7E6E4
:1044400000009386C673F1BFB7E60000938606208E
:10445000C9BFB5E737E600001306C6268356A90193
:10446000B7E50000130747319385C5321385E1D3C3
:10447000EF80B0158357A90103572A006306F700A0
:1044800023AA01922311FA008146494681452685D7
:10449000EF50405C850A9D47E390FAE6225403C53D
:1044A0004901B25092540259F249624AD24A424BEF
:1044B000B24B85464946814545616F50A0591386E8
:1044C000418469BF834604008357EB0037E700004F
:1044D0008DCE03A64193F94663F9C60283D64901FE
:1044E000639596025E8689E737E600001306463E2E
:1044F000B7E60000B7E500001307872D9386062076
:104500009385C531138541D52DB75E8689E737E69A
:1045100000001306463E8356A9029307400613087F
:10452000872DB3D7F60229479305803E138541D5E1
:10453000B3F7E70237E700001307C73EB3D6B6026A
:10454000B7E500009385053FEF8030088357A90247
:1045500003574A00E30AF7F223AA01922312FA0052
:1045600025B703C7B1A0797122D406D626D24AD086
:104570004ECE52CC56CA5AC85EC662C49147138406
:10458000819A6318F7008347040093C7170023003C
:10459000F4009387813783D727019384813791EB88
:1045A00071171377B70F11E723AE013E8546A38A33
:1045B000D19A0347040063070714914663EDF600A0
:1045C000B9668A079386860DB6979C438287134700
:1045D00017002300E400EF50406503A701931389FF
:1045E0000193198D2547637FA700938741939843D3
:1045F00093062003050763E0E61298C3EF50E062DC
:104600002320A900B7EA0000396B81491389C13A18
:10461000138AC18B938A8A2F130BCB0E93FBF90F4E
:104620009387FBFF93F7F70F15476369F70E8A0728
:10463000DA979C4382871389C1328357E9001307B5
:104640004006B3D7E7029389619A0947E5460546D4
:104650009385619A79452390F900EF40504B83D7B9
:10466000090013074006B387E7022317F900A5B72F
:104670001389C1328357C90113074006B3D7E70234
:104680009389619A0947BD4605469385619A7D45A0
:104690002390F900EF40B04783D709001307400685
:1046A000B387E702231EF9003DB71389C132835750
:1046B000C9029389619A09479306C0030546938509
:1046C000619A130500022390F900EF40504483D70C
:1046D00009002316F90201B71389C1328357E90291
:1046E0009389619A0947F94605469385619A1305AE
:1046F00010022390F900EF40904183D7090023175F
:10470000F902D1BD0147914601469385A138514533
:10471000EF40F03FC9B523A00700CDB58357E900AE
:10472000D28591E3D685138581D2EF80606E65A82E
:10473000834604008357E900138CC13237E7000039
:10474000B5C603A64193F94663F2C60603D6240113
:104750008546631DD60495EF37E60000130686777D
:104760008357EC009306703E63E8F602930630062A
:1047700063E9F602B7E600009386063EB7E500005F
:10478000130747319385C5311385E1D3EF80E0638B
:1047900099A81386C183E9B7B7E600009386C6736C
:1047A000F1BFB7E6000093860620C9BFADEB37E640
:1047B0000000130686778356EC00B7E50000130768
:1047C00047319385C5321385E1D3EF80006093872D
:1047D000C1A80357EC0083D627006386E60023AA0E
:1047E00001922391E7008146494681455E85EF505D
:1047F000602685099D47E393F9E2225403C524010D
:10480000B25092540259F249624AD24A424BB24BD8
:10481000224C85464946814545616F50A023138649
:10482000C18351BF834604008357E900138CC13212
:1048300037E70000ADC603A64193F94663F1C6060B
:1048400003D624018946631CD60485EF37E60000B1
:10485000130606788357CC019306703E63E7F60291
:104860009306300663E8F602B7E600009386063E3C
:10487000B7E50000130747319385C531138541D54E
:1048800031B739661306C644F1B7B7E60000938620
:10489000C673F9BFB7E6000093860620D1BF95EF37
:1048A00037E60000130606788356CC01B7E5000012
:1048B000130747319385C532138541D5EF80E0500A
:1048C0009387C1A80357CC0183D64700E38DE6F058
:1048D00023AA01922392E70039B739661306C6442A
:1048E000E1B7834604008357E90037E70000A1C21F
:1048F00003A64193F94663FCC60203D624018D4604
:104900006317D60295E337E600001306C678B7F6BC
:104910000000B7E500001307472F9386869693851E
:10492000C5311385A1D69DB51386818ACDB7A1E384
:1049300037E600001306C678138CC1328356CC02CA
:10494000B7E500001307472F9385C5321385A1D61D
:10495000EF80A0479387C1A80357CC0283D6670096
:10496000E383E6E823AA01922393E700ADBD138613
:10497000818AD9B7034704008357E90021C383A67E
:1049800041937947637CD70283D62401114763970B
:10499000E60295E337E6000013068679B7E60000E5
:1049A000B7E500009386063E9385057A138501D806
:1049B000EF80A0410DBD13864185CDB795EF37E659
:1049C000000013068679138CC1328356EC02B7E5DA
:1049D00000009385857A138501D8EF80003F938787
:1049E000C1A80357EC0283D68700E38EE6DE23AA34
:1049F00001922394E700C5BB13864185E9B7D947E7
:104A0000B387F902B7E50000138581D29385C53CD1
:104A10003E9521BB03C7B1A0797126D206D622D418
:104A20004AD04ECE52CC56CA5AC85EC662C49147CE
:104A30009384819A6318F70083C7040093C7170013
:104A40002380F4009387813783D707011389813747
:104A500091EB71171377B70F11E723AE013E85462F
:104A6000A38AD19A03C70400630F071E994663ED1A
:104A7000F600B9668A0793864610B6979C438287EC
:104A8000134717002380E400EF50201A03A7019377
:104A900013840193198D2547637EA7009387419363
:104AA000984393062003050763E9E61C98C3EF507B
:104AB000C01708C037EB0000B96B8149138AC13AAF
:104AC000938AC18B130B8B2F938B0B129387F9FF58
:104AD00093F7F70F95460357EA0063E3F61A8A0740
:104AE000DE9794431384C132B7E7000003C6040085
:104AF00082861384C1328357040313074006B3D759
:104B0000E7029389619A09479306800215469385C7
:104B1000619A130580022390F900EF40407F83D70C
:104B2000090013074006B387E7022318F402A9BF60
:104B30001384C1328357240313074006B3D7E70217
:104B40009389619A09479306800215469385619A75
:104B5000130590022390F900EF40607B83D7090092
:104B600013074006B387E7022319F40231BF138409
:104B7000C1328357440313074006B3D7E702938932
:104B8000619A09479306800215469385619A130539
:104B9000A0022390F900EF40807783D70900130724
:104BA0004006B387E702231AF402F9BD1384C13229
:104BB0008357640313074006B3D7E7029389619ACA
:104BC00009479306800215469385619A1305B00242
:104BD0002390F900EF40A07383D709001307400624
:104BE000B387E702231BF40245B51384C132835710
:104BF000840313074006B3D7E7029389619A0947F4
:104C00009306800215469385619A1305C00223908E
:104C1000F900EF40C06F83D7090013074006B38740
:104C2000E702231CF4028DB51384C1328357A40319
:104C300013074006B3D7E7029389619A09479306A1
:104C4000800215469385619A1305D0022390F900DE
:104C5000EF40E06B83D7090013074006B387E702F4
:104C6000231DF40215B50147994601469385813805
:104C70001305E002EF40A06901BD23A0070005BDB8
:104C8000D68511E3DA85138581D2EF8060184E85D1
:104C9000814649468145EF40F05B850993F9F90F5C
:104CA0009D47E395F9E2225403450901B25092541D
:104CB0000259F249624AD24A424BB24B224C8546D3
:104CC0004946814545616F40F058B7E6000025CA66
:104CD00083A5419379466374B60683550901054659
:104CE000639FC50421E337E600001306062103573E
:104CF00004039305703E63EAE5029305300663EB17
:104D0000E50237E700001307073EB7E50000938789
:104D100047619386C621938545221385E1D3EF80B1
:104D2000C00AB5B713864183D9B737E70000130728
:104D3000C773E1BF37E7000013070720F9B721E386
:104D400037E600001306062103570403B7E5000009
:104D5000938747619386C621938505231385E1D305
:104D6000EF80A0069387C1A80357040383D62700CA
:104D7000E38FE6F023AA01922391E70009BF13868F
:104D80004183D9B7B7E6000035C683A5419379467C
:104D90006372B606835509010946639DC50415EF84
:104DA00037E6000013060621035724039305703EDF
:104DB00063E8E5029305300663E9E50237E70000A2
:104DC0001307073EB7E50000938747619386C62324
:104DD00093854522138541D599B713864183E9B759
:104DE00037E700001307C773F1BF37E70000130769
:104DF0000720C9BF21E337E6000013060621035749
:104E00002403B7E50000938747619386C623938503
:104E10000523138541D5EF70507B9387C1A80357B5
:104E2000240383D64700E384E6E623AA0192239273
:104E3000E700B1BD13864183D9B7B7E6000035C698
:104E400083A5419379466372B606835509010D46E1
:104E5000639DC50415EF37E60000130606210357CE
:104E600044039305703E63E8E5029305300663E969
:104E7000E50237E700001307073EB7E50000938718
:104E8000476193864624938545221385A1D641BD6B
:104E900013864183E9B737E700001307C773F1BFF3
:104EA00037E7000013070720C9BF21E337E60000FA
:104EB0001306062103574403B7E5000093874761B3
:104EC00093864624938505231385A1D6EF70F06F52
:104ED0009387C1A80357440383D66700E389E6DAC2
:104EE00023AA01922393E7005DB313864183D9B7C8
:104EF000B7E6000035C683A5419379466372B606CE
:104F0000835509011146639DC50415EF37E600007E
:104F100013060621035764039305703E63E8E50218
:104F20009305300663E9E50237E700001307073E03
:104F3000B7E50000938747619386C6249385452291
:104F4000138501D8E9BB13864183E9B737E7000031
:104F50001307C773F1BF37E7000013070720C9BF66
:104F600021E337E600001306062103576403B7E583
:104F70000000938747619386C62493850523138594
:104F800001D8EF7090649387C1A80357640383D658
:104F90008700E38EE6CE23AA01922394E700C5B9E9
:104FA00013864183D9B7B7E6000035C683A5419380
:104FB00079466372B606835509011546639DC5049B
:104FC00015EF37E600001306062103578403930507
:104FD000703E63E8E5029305300663E9E50237E7D2
:104FE00000001307073EB7E50000938747619386EB
:104FF000462593854522138561D915B313864183D0
:10500000E9B737E700001307C773F1BF37E70000C0
:1050100013070720C9BF21E337E600001306062166
:1050200003578403B7E500009387476193864625BD
:1050300093850523138561D9EF7030599387C1A8F3
:105040000357840383D6A700E383E6C423AA01920F
:105050002395E7002DB913864183D9B7B7E6000041
:1050600035C683A5419379466372B6068355090117
:105070001946639DC50415EF37E6000013060621A7
:105080000357A4039305703E63E8E50293053006D9
:1050900063E9E50237E700001307073EB7E50000C4
:1050A000938747619386C625938545221385C1DA88
:1050B000BDB113864183E9B737E700001307C77313
:1050C000F1BF37E7000013070720C9BF21E337E628
:1050D0000000130606210357A403B7E500009387D9
:1050E00047619386C625938505231385C1DAEF7042
:1050F000D04D9387C1A80357A40383D6C700E38884
:10510000E6B823AA01922396E70051B6138641839D
:10511000D9B75971B7E70000DEC683AB0765B7E7BB
:105120000000E2C403AC4765A2D4CAD03D64D6CA2D
:10513000A6D2CECED2CCEAC06EDE9389C11D930436
:10514000849F86D6DAC8E6C202CC02CE02D002D252
:1051500002D402D61304849F938AC11D014A138985
:1051600081925E8DE28D03C78A028547937CFA0F98
:105170006312F71AB307490183C70700D9E701464D
:1051800089456685EF2070430565130585BBEF6093
:105190006030284463470500EF20204D5145EF6003
:1051A000602F03454400131B1A00EF20C02D2AC6B0
:1051B0000345C404EF20202DB2463C083387670125
:1051C0002AC436853AC2EF705012DE85EF708063D4
:1051D000E285EF702063EF70F00B5C1012473E9B8E
:1051E000A2472310A7003E85EF703010EA85EF70CC
:1051F0006061EE85EF700061EF70D0092310AB00A5
:10520000054685456685EF20B00F050A9947938AC4
:105210008A033104E319FAF41305007DEF60802757
:10522000B7E7000003AA0765B7E7000083AA476550
:10523000814CD28B568C03C78902854713F4FC0F2F
:105240006314F70A330B990183470B00D1EFA8448D
:1052500063470500EF2060415145EF60A02303C57F
:105260004400139D1C00EF2000222AC203C5C40481
:10527000EF20602101468945AA8D2285EF20F03379
:1052800092473E85EF707006D285EF70A057D685A5
:10529000EF704057EF7010003C08EA9713140501B7
:1052A00003D507004180098C1305803E3304A40216
:1052B0006E85EF709003DE85EF70C054E285EF706D
:1052C0006054EF70207D5C103E9D83570D004205B9
:1052D00041811D8D3344A402294585472300FB00ED
:1052E0003344A40223908902850C9947938989034A
:1052F000B104E392FCF4B650265496540659F6498C
:10530000664AD64A464BB64B264C964C064DF25D45
:1053100065618280B307490123800700FDB53971BB
:1053200006DE22DC26DA4AD84ED652D456D25AD0DD
:105330005ECE62CC66CA6AC86EC6EFF09FDD83D7C8
:10534000A13BC5EFB7E500009385451C138581D2CD
:10535000EF70102C9384C11D138981920544D94AA2
:10536000938981D2054BB7EB000037EC0000B7EC16
:10537000000037ED0000B7ED00003305540383C78C
:105380008402137AF40F4E95639D670783D66401F8
:1053900029471306400633D7E60283D704021308D1
:1053A0004D1D93858D1D3377C7021306803EB3D6FE
:1053B000C6022286EF70702181464946814552859A
:1053C000EF40406905049D47938484030509E31673
:1053D000F4FA6254F250D2544259B259225A925AB3
:1053E000025BF24B624CD24C424DB24D854649466F
:1053F0008145014521616F40E065B9659385C540F0
:10540000B1B713870B1FA28613064C2093858C20FF
:10541000EF70B01B2300090045B7797122D406D67E
:1054200026D24AD04ECE52CC56CA5AC85EC662C4A4
:105430009387C13B83C7C701638B074E3545EF2078
:105440008004AA8431451384C13BEF20C003637EEE
:10545000951E85673385A440138707CD3307E50282
:10546000130530073347F702BD473307A702334719
:10547000F7028147420741833A8993868198904297
:105480001D48329798C29386C1989042138581989F
:105490009385C198B297138641999CC283460600B2
:1054A000850693F6F60F636BD81C2300D600834461
:1054B000C4018547138AA197938941966399F42083
:1054C0009387C13A83D747005957938AC13AB3C7E4
:1054D000E702096713070771614BBA97239EF1969C
:1054E000896793878764239FF1962389019AEF4008
:1054F000C07323A0A196EF40407323AEA194EF4068
:10550000C07223A0A19A23A091988947230EF4008A
:1055100023AC01982382019A194523000A0023A88D
:105520000198A144EF20601423A009001D45EF104D
:1055300090753305650383A70900FD1493F4F40FF8
:105540003E9523A0A900FDF00D81896589472318A8
:10555000A4009385F57009452316F400EF409027C9
:105560005145EF5030769387019723A0070023A27F
:10557000070083D78A0005476365F7142316E40004
:105580001945EF20800E1D45EF20000AE147330545
:10559000F502AD67938787799384819642054181AF
:1055A000239CA196938A819763F2A7321D4523A07D
:1055B000040023A00900EF202007E1473305F5028E
:1055C000A967938707C423A0A90063D5A7008547CF
:1055D0002300FA001D45EF10106BE1473305F5027B
:1055E00003C7C1968D469387C19605071377F70FBA
:1055F000420541812390AA0063EFE62E2380E70055
:1056000083C70700138701978607BA972390A700DF
:105610008356270083570700B697835647000357E2
:105620006700B697BA978983096723A0F900130723
:105630000771636727018356C40009476390E62C0E
:105640002318F40023170400C9A463F6A402056715
:10565000058D930707CDB307F50213053007B3C7D0
:10566000E7023D47B387A702B3C7E702C207C1837A
:105670003E89014719B501498147E5BF230006006E
:105680000356E4001308C05D938661956375C802F4
:105690000D462380C60083C606002320050023A0F4
:1056A00005003357D702B3D7D70258C805471CCCDB
:1056B000238CE19AEDBB13087057E36EC8FC2146BA
:1056C000C9BF0947E39EE7EA2316040055BD894791
:1056D000E398F4EAEF00503C03A7C1959384C19589
:1056E000198D1307803E637EA70093870198984326
:1056F00083D6613B6374D700050798C3EF40E0523F
:1057000088C083470A00639B071A1387C13A83A79F
:1057100001980357A700938AC13A938B019863FFBE
:10572000E71803D78A00138B419A05EB6FE02FA58A
:10573000B3F7E7029DE383470B0085E3EF40E04EBC
:105740000357C40023A2A198239CE194854723001A
:10575000FB00EF40804D23A0A19A03470B00854634
:1057600083D7E1979384E1976317D70A09671307F3
:1057700037636369F708D1072390F400EF40E04AEC
:10578000138C419883270C001D8D8567938787BBF9
:1057900063FAA70403D7AA0083A70B0063F4E70406
:1057A00083D78195595723000B0093C71700231601
:1057B000F40083D76125B3C7E702096713070771B0
:1057C000BA97239EF1962389019A89679387876404
:1057D0002390F400EF4060452320AC00EF40E0440C
:1057E00023A0A19A03D7040089679387F77063FE0B
:1057F000E70A2390F40083D504000355C400EF406A
:10580000607DBDBB89679387F7702390F40089475B
:105810002316F400A5B783D6C197138B019663FFB7
:10582000F60009EF03D76125637AE900B1172390E9
:10583000F400EF40803F2320AB006DB7054723897C
:10584000E19AEF40803E83270B001D8D9307C01225
:10585000E3FAA7F883C6819B85476395F602035751
:10586000C400238C019A83D704006317D7025848D9
:1058700083D6612563D5E602158F1D878507BA9704
:105880002390F40003D70400896793878764E3FBC0
:10589000E7F42390F400B9B775F7184CD1BF3387FC
:1058A000E640FD171D87998FE1BF85679387379C79
:1058B000E3E3E7F485679387479C25BF89478965BC
:1058C0002316F4009385F570094515BF03D7213BD6
:1058D0008356E4009C40130787026359D700890769
:1058E0009CC01307800CE364F7CEEDB1E38407CED0
:1058F000FD179CC0C5B12380070019B303570401ED
:10590000E372F7D4998F6FD0DFC183470A0085C354
:10591000896589479385F57009452316F400EF40A2
:10592000606B230E040023A0040023170400B25070
:10593000225492540259F249624AD24A424BB24B23
:10594000224C45618280797122D49387C13A83D7F2
:10595000E70006D626D24AD04ECE52CC56CA5AC8F6
:105960005EC662C41384C13A6380072CB969138B85
:10597000018E13894184938909449387819483D646
:1059800007001386C13B8506C206C1822390D7005B
:105990001385C193032805000357E6000356C6008C
:1059A0009384C13B429718C1054813858194938520
:1059B000C1939387419463160629D04803A8070032
:1059C000429690C31306F007938AA193637BD60295
:1059D0001D832390EA00984303D661251D83938697
:1059E00001942390E6004207418313064606635460
:1059F000E6002390C6002310050023A0050023A085
:105A0000070083C6B1A005473E8A639EE60089650C
:105A100089479385F5700945238E0400BCC0239601
:105A2000F400EF40205B01478546014693854138ED
:105A30001305A005EF30B00D03C7B1A09147138A3D
:105A400081376318F7008327CA0005476393E7008F
:105A5000BCC083D70A000567130767389386F7FF32
:105A6000C206C182B7E500006363D71E9306803E7D
:105A700033F6D70229473357E602B3D6D7024A8610
:105A800093858570138541D5EF7020348357E400EA
:105A90006382071CB7E60000138681879386062081
:105AA00003A701988355A4009307C003998D13851C
:105AB00081D2B7EA0000938B019833D7F50233F80F
:105AC000F502B377F7020567130707E133D7E5025D
:105AD000B7E5000093858571EF70202F9385CA721A
:105AE0001385E1D3EF70C03203D7C40085468357D6
:105AF000E400B7E500006318D71663900718B7F6FF
:105B000000009386869603D601941307803EA9472A
:105B10003378E6023357E602B357F8025A86938584
:105B200045741385E1D3EF70402A03C7A1978547D9
:105B30006317F7028357E400639B0714B7F600006E
:105B400037E70000938686961307C76DB7E5000018
:105B50004A8693854575138541D5EF700027EF4040
:105B6000C00C83A78199138981991D8D9307001912
:105B700063FEA70403C7C1998D469387C1990507A2
:105B80001377F70F63E1E6122380E7008356A40042
:105B900003A70B006364D71283C70700858B639745
:105BA00007108357E40063980710B7E60000938658
:105BB000866EB7E500004E869385C5751385A1D620
:105BC000EF70A020EF4060062320A9009385CA72E1
:105BD000138561D9EFD00FCB8357E4006397071487
:105BE00037E600001306866FB7E500009385C5769B
:105BF0001385C1DAEF70601D8327CA00814689C70B
:105C000005476398E71285462254B25092540259D0
:105C1000F249624AD24A424BB24B224C4946814534
:105C2000194545616F30106337EB000037E900001C
:105C3000B7E90000130BCB6B1309C9269389496C94
:105C40002DBB19E2904C9DBB23A00700A5BB0147CB
:105C5000814635B537E60000B7E600001306066D4D
:105C60009386C67335BDE30A07E889EFB7F60000EF
:105C7000938686968147014755B5B7E6000093861F
:105C8000062051B5B7E6000093860620E5B7B7E6D3
:105C9000000037F9000039679386C6731309894DF0
:105CA0001307074965B523800700CDB5B7E60000A7
:105CB0009386863DFDBD9386C185E5BD03C7419AA8
:105CC0000DC783C70700858B89EB8357E40099EBE9
:105CD000B7E600009386066FE9BDB7E6000093863D
:105CE000C61FC1BD93860189E9B503D7C4008546A7
:105CF0006312D70283C7070013972700B707002056
:105D000093870703BA97B7E5000094434E869385BF
:105D1000057A6DB5E31807EA83C7070013972700D4
:105D2000B707002093870702F1BF396613060640C4
:105D300065BDB250225492540259F249624AD24A85
:105D4000424BB24B224C4561828083C7B1A079712E
:105D50004AD006D622D426D24ECE52CC56CA5AC8E3
:105D60005EC611471389819A6398E70003470900CB
:105D7000134717002300E9001387813718479384DE
:105D800081371384C13B05E3F11793F7B70F81EF18
:105D90008D473CC08547230EF40023A60400A38A48
:105DA000F19AEFF08FE70347C40189476316F700C4
:105DB0008D4723A604003CC0034709006302071671
:105DC0009C44994663EDF600BD668A07938686403B
:105DD000B6979C438287134717002300E900EF30F2
:105DE000D06403A7019313840193198D2547637E23
:105DF000A70093874193984393062003050763EB1D
:105E0000E61298C3EF30706208C0B7EA0000396B41
:105E100081491384C13A138AC18B938A8A2F130B49
:105E2000CB1493FBF90F9387FBFF93F7F70F1547FD
:105E30006365F7108A07DA979C4382871384C13A17
:105E40008357440013074006B3D7E7029389619A4A
:105E500009479306C00315469385619A130590027E
:105E60002390F900EF30A04A83D7090013074006BA
:105E7000B387E7026FD03F8F9DB71384C13A835732
:105E8000640013074006B3D7E7029389619A094774
:105E9000D14605469385619A1305A0022390F90027
:105EA000EF30E04683D7090013074006B387E702C7
:105EB0002313F4002DB71384C13A835784009389C8
:105EC000619A0947894601469385619A1305B00294
:105ED0002390F900EF30A04383D709002314F40086
:105EE000FDBD1384C13A8357A4001307C003B3D781
:105EF000E7029389619A09479306C0120546938584
:105F0000619A1305C0022390F900EF30404083D717
:105F100009001307C003B387E7022315F400C1B5D6
:105F2000014799460146938501381305E002EF3099
:105F3000003E75B523A00700F1B58357E400D28574
:105F400091E3D685138581D2EF60906C5DA0834686
:105F500009008357E40037E70000A9C203A6419374
:105F6000F94663FDC602904485466319D60285E76B
:105F700037E600001306C66BB7E60000B7E5000081
:105F80001307872D9386C668938545691385E1D3EA
:105F9000EF60B063B9A81386018EF9BFD1E737E689
:105FA00000001306C66B835544009306803E93079A
:105FB0004006B3F8D5021308872D37E70000130712
:105FC000C73E1385E1D3B3D6D502B7E5000093856C
:105FD000C569B3D7F802EF60505F9387C1A8035734
:105FE000440083D627006386E60023AA019223910A
:105FF000E7008146494681455E85EF30B025850939
:106000009D47E390F9E2225403C58400B2509254B4
:106010000259F249624AD24A424BB24B854649463E
:10602000814545616F3010231386018EADBF8346D5
:1060300009008357E40037E70000A1C203A641939B
:10604000F94663FCC602904489466318D60295E37C
:1060500037E6000013068665B7E60000B7E50000E6
:106060001307876A938606209385C56A138541D5F1
:1060700005B7396613068641C5B7A1EF37E60000BC
:1060800013068665835564009306803E9307400699
:10609000B3F8D5021308876A37E700001307C73E35
:1060A000138541D5B3D6D502B7E500009385C56900
:1060B000B3D7F802EF6070519387C1A8035764000B
:1060C00083D64700E387E6F223AA01922392E700F2
:1060D0000DB739661306864175B783470900B1CB02
:1060E00003A74193F94763F6E70498448D47631289
:1060F000F7048357E4008DE737E600001306466C8B
:106100008357840095E3B7E600009386C673B7E52E
:1061100000009385456B1385A1D6EF60104BD1BD70
:10612000396613060644E9BFB7E600009386C61F2A
:10613000F9BF83578400B9E78357E4009DCB3966E4
:106140001306064493868181B7E500009385456B6D
:106150001385A1D6EF6070479387C1A803578400C9
:1061600083D66700E387E6E823AA01922393E7003A
:1061700049B537E60000B7E600001306466C938683
:10618000C666D9B705476394E7028357E40099C709
:10619000396613060644938681867DB737E600008C
:1061A000B7E600001306466C9386466771BF094741
:1061B000E394E7FA8357E40099C739661306064467
:1061C0009386018B51B737E60000B7E6000013064F
:1061D000466C9386C6678DBF834609008357E400EB
:1061E00037E70000B1CA03A64193F94663F6C60437
:1061F000904491466312D60485EB37E600001306FF
:1062000046688356A4009307702563E2D702B7E679
:1062100000009386063EB7E500001307472F9385DD
:106220004569138501D8ADB31386818DD9BFB7F603
:10623000000093868696C5B7B1E337E600001306E3
:1062400046688356A4009307C003B7E50000B3D6A1
:10625000F6021307472F93858520138501D8EF6039
:10626000D0369387C1A80357A40083D68700E38262
:10627000E6D823AA01922394E700A5BB1386818D5B
:10628000C9B7D947B387F902B7E50000138581D2B2
:106290009385C53C3E954DB96F00E01D03D3013B8E
:1062A000638C020683D3611E6378730603A541A342
:1062B00003AEC1953305C54103AE0198130EFEFF31
:1062C000930E803E330EDE033305C501B38ED20339
:1062D0003375D5031315A50013DE1E003305C50164
:1062E0003355D503130E00206376AE00130E004025
:1062F0003305AE406F00E019130E4E3C330EAE0076
:1063000003450E00B3836340B383A3021305F00F6C
:10631000B3D3A30233037300239B61249303A00030
:10632000335E7302B723000093830371B383C341C9
:10633000239E71966F30700F9302601E1303400608
:106340009306C00313065000130590079303100033
:106350006F00C0019302E021130310009306400B6D
:10636000130600001305A007930300001384C13A2D
:10637000338E510083570E00638603006394070039
:1063800083574400B3D767029389619A13072000AB
:106390009385619A2390F900130101FF2320610086
:1063A0002322C101EF20B07603230100032E410018
:1063B0001301010183D70900B38767026FD0EFCAC9
:1063C0006FF0FFA100000101020405070A0C0F1283
:1063D00015191D21252A2F34393E43494F555A613D
:1063E000676D73797F868C92989EA5AAB0B6BCC162
:1063F000C6CBD0D5DADEE2E6EAEDF0F3F5F8FAFB4B
:10640000FDFEFEFFFF0000004D415820564F4C544A
:106410004147450056205357494E473A20007300E4
:1064200000202020002573257300732053494E451A
:106430000000000000007320545249414E474C4573
:106440000000732054524150455A000000009382CE
:10645000F5FF1303C003B3D36202B3F26202938663
:1064600012003143B3836302376700001307A7426A
:106470001E976F80707383D2E121638A0200FD1240
:10648000930FC00333DFF203B3F2F20385026FF020
:10649000FFE0054E6307CF01094E6307CF016F0090
:1064A000F06F1355150021A8131E35003305AE40BB
:1064B00013553500130585FC635305000145130E84
:1064C000F00F6373AE0072856FF0DFE30000000031
:1064D00000000000418DB1BF83C7B1A0397156D211
:1064E00006DE22DC26DA4AD84ED652D45AD05ECE08
:1064F00062CC66CA6AC86EC61147639CE70293877E
:10650000819A03C70700134717002380E70083C75A
:10651000819A1389819A6383072A03A781379D464D
:1065200063E1E610B9660A07938646163697184364
:106530000287A146E39DD7FC83A78137639DE706C9
:10654000EF40C07B0945EF40F07713055003EF4063
:10655000607DAD65370501089385A5AA130505E0A3
:10656000EF4030070945EF40F075EF40C07A8146B3
:10657000494681450945EF30E04D938781D2138428
:10658000A709B7E400003E859385C43CEF6050083E
:1065900093076501E39987FE0945EF30201C130539
:1065A000803EEF403072B707EFBE37E700E09387D9
:1065B00007083CC7A9BF1547E39BE7F4EF40007409
:1065C00013055003EF4000760545EF40B06F3704E8
:1065D0000108130504C0EF40407A0945EF40906E72
:1065E000B1659385B5BB130504C0EF40807E294596
:1065F000EF40506DEF402072294565B783D7C13A0F
:106600009384619A0947F94601469385619A130577
:10661000900C2390F400EF20904F83D70400239632
:10662000F13A03A781379377F70F238AF19419463C
:1066300083C65195938B4195138B5195637AF618C8
:106640001377F70F158FE9176348E618EF30E05D11
:1066500003A7019313840193198D2547637EA70037
:1066600093874193984393062003050763E9E61651
:1066700098C3EF30805B08C0396C8144130C4C1810
:10668000138A81D21384C13A9389C1A883470B002E
:106690001D4713FDF40FA6976368F71E8A07E2975C
:1066A0009C4382871384C13A835724009384619A60
:1066B0000947854601469385619A13052003239077
:1066C000F400EF20D04483D704002311F40091BFDD
:1066D0001384C13A8357C4009384619A094785465D
:1066E00001469385619A130530032390F400EF204F
:1066F000104283D704002316F400E39407F283D7F3
:10670000E1334947B387E7022947B3C7E7029387D5
:1067100007022395F19A31B783D7813B1384C132A5
:10672000035724019384619A95C32390E400930650
:1067300010040947130670039385619A1145EF20F1
:10674000103D83D704002319F400E1BDC949330784
:106750003703294A93065009130630089385619A36
:10676000154533474703130707022390E400094701
:10677000EF20F03983D704002395F19A8117B3876E
:106780004703B3C73703C1B793C717002300F90006
:1067900049BD93C717002300F900194723AEE13E16
:1067A00049B593C717002300F9009387C13A03D76F
:1067B000E700134717002397E700A5B5014799465F
:1067C00001469385813713058003EF20503491BD36
:1067D000E38E06E6E3FCD7E62300FB0085BD23A09D
:1067E000070041BD59453385A4020347090083D6FC
:1067F000C13A8357E400529535C303A641937947C4
:10680000637EC70403A7813731EBB7E5000095CA63
:106810008DE337E600001306067BA54763EED7003D
:10682000B7E600009386467C9385057AEF60E059D1
:10683000A1A81386C181D5B7B7E600009386C67BB1
:10684000E5B791EB37E600001306067BB7F60000CC
:1068500093868696D1BF1386C181CDBFADCEADEBF9
:1068600037E600001306067BB7F500009385058325
:10687000EF60A05583D7C13A03D709006306F7003C
:1068800023AA01922390F9008146494681456A85F1
:10689000EF30401C85049D47E39AF4DE03C50B00EE
:1068A00083470B006254F250D2544259B259225AD3
:1068B000925A025BF24B624CD24C424DB24D1D8D4E
:1068C0008546494681451375F50F21616F30801863
:1068D0001386C18151BF91CB1386C18193864188B4
:1068E000B7E500009385057A61B737E60000B7F693
:1068F00000001306067B93860608DDB759453385ED
:10690000A402034709008357E400B7E5000052954D
:1069100005CF83A6419379476378D70283A6813751
:1069200005476393E60291EF37E600001306C67C45
:1069300083572400E39C07F0B7E600009386062007
:10694000E5B513860187EDB785EF37E6000013063E
:10695000C67C0357240005CB8DEFB7F60000938665
:1069600006089385057AEF6040468357240003D7D5
:106970002900E30BF7F023AA01922391F90029B72C
:1069800013860187F9B789EBB7E600009386863E48
:10699000C9BF93864188F1B793860188D9B7594515
:1069A0003385A402034709008357E40052951DCBA9
:1069B00083A6419379476377D70283A68137094736
:1069C0006392E60281EF37E600001306467DB7F5D5
:1069D00000009385C583EF60403F7DB5396613069F
:1069E000864BF5B78DEF37E600001306467D8357DB
:1069F000C40095EBB7E600009386467EB7E500003D
:106A00009385057AEF60603C8357C40003D7490043
:106A1000E30CF7E623AA01922392F900B5B5396693
:106A20001306864BE9B7B7E600009386067EF9B7F2
:106A300059453385A402034709008357E400529562
:106A400031CF83A641937947637AD70483A68137F0
:106A50000D476395E6049DE737E600001306867E42
:106A60008357C4009DC3B7F6000037E70000938644
:106A700086961307077EB7E500009385852CEF60A7
:106A8000C03419B51386C18CE1BFB7E6000037E703
:106A90000000938606201307477EF1BFA9E337E67F
:106AA00000001306867E8357C400938DC1329DCBB0
:106AB00083D62D0137E700001307077EB7E50000F6
:106AC0009385052DEF60603083D72D0103D76900D2
:106AD000E30CF7DA23AA01922393F90075B3138626
:106AE000C18CD1B737E7000083D6A19A1307477E40
:106AF000F1B759453385A4028357E400529581EBE1
:106B0000B7E500009385857FEF608030B5BBB96540
:106B100093858545D5BF59453385A4028357E40045
:106B2000529591E7B7F5000093858580F1BFB9656F
:106B300093854542D1BF59453385A4028357E4006C
:106B4000529591E7B7F500009385858175BFB965CA
:106B50009385C54655BF59453385A40203470900AF
:106B60008357E40052951DCB83A641937947637701
:106B7000D70283A681371D476392E60281EF37F67D
:106B8000000013064682B7E600009386C61FB7E5ED
:106B9000000059B9396613068647F5B78DCBB7F6AD
:106BA00000003966B7E500009386468413068647E1
:106BB0009385057AEF6060218357E40003D7E900ED
:106BC000E304F7CC23AA01922397F90075B937F6AD
:106BD0000000B7E500009386818B1306C684938579
:106BE0000532C9BF83C7B1A00547639FE70083C6CD
:106BF00081930947638AE60023AEF13E9387819231
:106C000023A007002392070083D741371D476369FC
:106C1000F70239678A071307471ABA979C43828796
:106C20006FC0BFE56FD02FE36FD0BF936FD09FDEF3
:106C30006FE0EFEE6FF06F916FF01F8A6FF0DF89FA
:106C4000828003C7B1A0597186D6A2D4A6D2CAD079
:106C5000CECED2CCD6CADAC8DEC6E2C4E6C2EAC01C
:106C60006EDE02C8231A010002CC231E01008547F4
:106C70006315F700094723AEE13E1389C11D138A4E
:106C800001AD938981AB9384C1AD1384C11D814C47
:106C9000938AC132138BC1AA938BC19C0347840290
:106CA00085476317F71C0357640183570A0063087D
:106CB000F71AEF2090779C401D8D9307803E63F07C
:106CC000A702EF2090760357640183D7AA0288C0F9
:106CD0002310EA0029A00100A9072310FA00139C41
:106CE0001C005A9C0357040183570C00630DF716D0
:106CF000EF20B07383A709001D8D9307803E63FAD0
:106D0000A700EF2090728357040123A0A90023104D
:106D1000FC00B3877C0103C70700854703D68A04BC
:106D2000631EF70293971C00DA9783D70700930539
:106D3000803E1418138787023345B702E6962380F6
:106D4000A6FE8D46631CD6129507B3E7B702A94687
:106D500038086697B3C7D7022300F70083570A00A5
:106D60009306803E1810B3D5D70266972300B7006C
:106D70000D47B3F7D702631FE6101307400613044D
:106D80008403090A91099104B3D7E7023810669782
:106D9000850C93F7F70F2300F7009947E390FCF079
:106DA00083A6013C1308C0030567B3D70603130786
:106DB00007E133D7E602B3F7070333F80603854646
:106DC0006309D61271CA8946630FD6148D466305CE
:106DD000D618B70C00209387CC0F9384E1D3D68BC1
:106DE0000144138B01A03EC6138CC13A138D41821E
:106DF000834C8902854793091400639CFC2C8347CC
:106E00004903638807188357EC0063900718B7E6B7
:106E1000000093864651B7E500004E869385C55A1B
:106E20002685EF50907A994713098903D904890B75
:106E30004E84E39FF9FA2654B65096540659F64903
:106E4000664AD64A464BB64B264C964C064DF25DEA
:106E5000854649468145014565616F20B03FEF2079
:106E6000D05C88C0ADBDEF20505C23A0A90055B513
:106E70009307703E9CC023A0F90061BD3367B70241
:106E80003C08B3869701930740063347F7022380F7
:106E9000E600E9B52947E5B503D6A13B83D6CA0389
:106EA0001377F70F05C685E2B7E600009386C63D67
:106EB000B7E500001386C18393850553138581D2FE
:106EC000EF50B07039B79386418CDDB791EEB7E6DD
:106ED00000009386C67337E60000B7E5000013068E
:106EE000865493854555D9BFB7E600009386C64EB4
:106EF000DDB783D6A13B99CE3966B7E6000013060D
:106F0000C64493860620B7E500001377F70F9385F4
:106F100085566DB737E60000B7E600001306464F0A
:106F20009386063ECDB783D6A13B91CEB7F600003F
:106F30001386018A93868696B7E500001377F70FCC
:106F40009385C557F9B737E60000B7E6000013068A
:106F500006509386063ECDB783D6A13B85E237E641
:106F60000000B7E60000130686509386063EB7E59C
:106F700000001377F70F9385455961BFB7F60000FE
:106F80001386C18293868696DDB7B9669386464896
:106F900059B5834759038DCB8357EC0095E3B7E68A
:106FA000000037E700009386065213078752B7E5C3
:106FB00000004E869385455B2685EF501061A5B590
:106FC000EA8613874186E5B718102297034A07001F
:106FD00083D78A0438102297834D070009478328F6
:106FE000C9016395E7043C08338787001C18B38602
:106FF00087000347070083C606FEB7E500006E88DA
:10700000D2874E869385055C2685EF50105C5A9496
:1070100083470400E39997E1B7E500008327C9019E
:107020006E87D2864E869385055E95A00D47639048
:10703000E708B247A29783C70700B1EF03D70B0356
:10704000930740063357F7023C08A2972380E700D6
:107050003C08B386870083C60600B7E50000EE87CC
:10706000528746884E869385C55F2685EF50F0553A
:107070005A94034704008547E317F7DA8327C901C9
:10708000B7E500006E87D2864E869385856126859A
:10709000EF50B05349BB6397970103D70B03930796
:1070A00020034DB73C08A2972380070055B73C0842
:1070B000338787001C18B3868700B7E500006E8809
:1070C000D2870347070083C606FE4E869385456335
:1070D00025BF37E7000037E60000B7E500001307DB
:1070E000071FCE861306462093858520F1B583C7FA
:1070F000B1A0797122D4F11706D626D24AD04ECE4D
:1071000052CC56CA5AC85EC662C466C293F7B70F5D
:107110001384813785E3894623AED13E23AC013603
:10712000232404002326040023280400232A040027
:10713000232C040001479946014693852139130504
:107140000005EF20C01C8357A401239AF13693F762
:10715000F70F238AF194138C5195994693844195A6
:1071600003470C0063FBF6083387E740E91763C960
:10717000E608B7090020370A0020138481D2814C29
:107180001389C13AB7EA000093890904130A0A0077
:107190001D4B83470C000357E90093FBFC0FE69758
:1071A000138617008A0725C3D297944393854A26EE
:1071B0002285EF5090418146494681455E85850C88
:1071C000EF2050095904E3966CFD03C50400834782
:1071D0000C002254B25092540259F249624AD24AE7
:1071E000424BB24B224C924C1D8D854649468145FF
:1071F0001375F50F45616F20F00525DFE3FBE7F61A
:107200002300FC00BDB7CE974DB703D7E13A8547C1
:107210006319F702B707002083A7870F37070040DD
:1072200033D5A70293170501C1832316F70293876D
:10723000C13B09CA058142054181231AA702239A4D
:10724000B7028280239B0702DDBF83D7013FA5E7FA
:10725000411122C41384519B8347040006C6094789
:107260006388E7026369F7000547638FE700B24070
:107270002244410182800D476388E7021147E39869
:10728000E7FE23000400E5B78D472300F400C5B7EF
:107290000565054693058025130505AFEFF0FFF65C
:1072A000834704008507D5B7056505469305401F4C
:1072B000130545B5E5B7828083D7013FA9E313875E
:1072C000419B8346070085CE9387160093F7F70FFF
:1072D0002300F7003D466375D60023000700828037
:1072E000858B89CB056505469305800C1305C5A8DC
:1072F0006FF0BFF10146930540060145D5BF82807E
:1073000083D7013FBDEB411122C483C7319B06C621
:107310001547FD1793F7F70F1384319B6366F70248
:107320003D678A0713070798BA979C4382870565CC
:1073300005469305A00F130565B8EFF01FED8347D1
:10734000040085072300F400B240224441018280FA
:1073500005469305A00F0565130525B2F9BF056520
:1073600005469305A00F1305E5ABC1BF0546930580
:107370008025D5B723000400C1BF828083C7519BFD
:1073800099C36FF09FEC83C7419B99C36FF0DFF205
:1073900083C7319B99C36FF0BFF68280135E3500BF
:1073A0001D89B76E0000769E034F4E3C834F5E3CB6
:1073B000B38FEF41B38FAF02910F93DF3F003305DF
:1073C000FF016FE03FF473002030397185451145AE
:1073D00006DE22DC26DAEF30904B85454145EF3062
:1073E000104B854513050020EF30704A3165EF30B2
:1073F000303D371501409307E0076C001305058009
:107400002316F10002CAEF30F0218D476C003715CA
:107410000140372401402316F10002CAEF309020CA
:1074200013050440EF306072B7070E003ED22C08FF
:107430008547130504402306F10202CC02CE02D098
:1074400002D4EF30E072854513050440EF304077F9
:1074500013050440EF30C077930404402685EF30D5
:10746000C0776DFD1305044037240140EF3060778D
:10747000130404402285EF3060776DFDF2506254B2
:10748000D25421618280011122CC37240140AA8587
:1074900026CA9D460546AA841305044006CE4AC85E
:1074A0004EC6EF30A076854513050440EF3080745A
:1074B0001309044089454A85EF30500165DD130505
:1074C0000440EF303000130504409D460546A68574
:1074D000EF30C07313050440854537240140EF3079
:1074E00060711309044089454A85EF30207E65DDCF
:1074F00013050440EF30007D130504409D4605460A
:10750000A685EF30A070130504408545372901405A
:10751000EF30406E1304094089452285EF30007B2F
:1075200065DD13050940EF30E0799D460546A685E7
:107530002A8413050940EF30606D13050940854525
:1075400037290140EF30006B9309094089454E858A
:10755000EF30C07765DD13050940EF30A0769D461A
:107560000546A6852A9413050940EF30206A1305C5
:107570000940854537290140EF30C067930909402C
:1075800089454E85EF30807465DD13050940EF3085
:1075900060739D460546A6852A9413050940EF3081
:1075A000E06613050940854537290140EF308064C6
:1075B0009309094089454E85EF30407165DD13051B
:1075C0000940EF302070938744FF93F7F70F05478A
:1075D0002A946360F70437290140B149130909402F
:1075E000A6854A859D460546EF30406285454A8519
:1075F000EF30406089454A85EF30406D65DD4A8552
:10760000FD19EF30206C93F9F90F2A94E39A09FCE5
:10761000098013552400F24062444205D244424995
:10762000B249418105618280411122C43724014061
:10763000AA85814605461305044006C626C2EF30DA
:10764000E05C854513050440EF30C05A93040440C4
:1076500089452685EF30806765DD130504402244A7
:10766000B240924441016F30E06563460504411128
:1076700022C4137615002A84371501408565130549
:1076800005C006C6EF30500713561400058AC145E1
:1076900037150140EF3050061356240037150140CE
:1076A000058A93050002EF3030052244B240294597
:1076B00041016F30305E8280DD4763E8A7243D677B
:1076C0009317250013078799BA979C43828713075E
:1076D00080033307E5029387C11D8566938606CD37
:1076E000BA97131715001385C1B63A9503570500CD
:1076F0003307D7023187239BE70082801306A5FF5B
:10770000B707002037070020931516009387C70698
:107710001307C70FAE97329703D8070083470700B8
:107720009386C11DB5E7931715001385C1B63E9525
:10773000930780033306F60203570500B29683D7FA
:10774000260163FBE70C1D8F9307106EB307F7024A
:107750001307803EB3D7E702B3870703B3D7E70227
:107760001387C132BA9503D70500B387E7020567CF
:107770001306479C1307C79EB3D7C702C207C1832E
:107780006365F7002398F60082802398E6008280E4
:107790000547639EE706130780033307E602138657
:1077A000C1B6369793161500B29683D60600835756
:1077B00027011386A6006359F604958F9306106E71
:1077C000B387D7029306803EB3D7D702B3870703A8
:1077D000B3D7D7029306250086061385C1323695A6
:1077E0008356E500B387D7029306C05DB3D7D702AF
:1077F00093064060C207C18363E5F6002318F700D3
:1078000082802318D7008280231807008280130704
:1078100080033306E602B29623980600828013178F
:1078200015009387C1B6BA9703D70700411122C448
:107830002A840965130505713305A7028567998FA9
:1078400006C63355F50242054181EF2020369307E5
:10785000600963D4A700130560095114130780035E
:107860003304E4029387C11D3E9463530500014530
:10787000231DA400B24022444101828083D721B954
:107880000567130707CDB387E7021307007D8966F5
:1078900093860671B183B387E7021307603BB3D7C2
:1078A000E7021387C13BC207C18363E4F6005CD3E0
:1078B000828023220702828083D741B91307803E4A
:1078C000B387E70205671307078AB3C7E70223A256
:1078D000F13C828083D761B90567130747D6B38728
:1078E000E7021307803EB3D7E702C207C18323AE86
:1078F000F13C82809387719B03C7070005072380B3
:10790000E70082809387919BC5BF828001114AC89E
:1079100083C7619B06CE22CC850726CA4EC652C4B9
:1079200056C25AC093F7F70F5D471389619B636096
:10793000F7122300F900834609003147BD643387FD
:10794000E6029387849F15469384849FBA979C4749
:1079500013F7F70F238DE19A9389A19B636CE60ED1
:1079600093F7F70F1387C19DBA9703C707008547A1
:107970006305F70CB147B386F602A69688426344C6
:107980000500EFF09FCE834709003147B387E70238
:10799000A69703C54700EFF01FAF2A8403C509006F
:1079A0001387C1B9131325001A971C4393181500A8
:1079B0009385C1B9A2971CC39386C1B0C69603D65E
:1079C00006001387C1B06364C40023908600138649
:1079D000C1B34696035806009386C1B3636488001A
:1079E00023108600138641AF2A96034806000D4EE9
:1079F00005081378F80F636C0E092300060183C78E
:107A000009001547636BF702856A130B8003938A9D
:107A10000ACDB3876703138AC11DB7466A003304D2
:107A20005403D29703C78702635ED40819E7094756
:107A300031842384E702239B8700F2406244D244CE
:107A40004249B249224A924A024B05618280230090
:107A50000900D5B569171377F70FE36DE6F093F7D3
:107A6000F70FE9171387C19D3E9703470700E313FC
:107A700007F0130680033386C7021387C11D3297B0
:107A800050530947E318E6EE1387C19CF1BD23006C
:107A900006004697C6961386C1B646960358070059
:107AA00083D806009A95239086004698B3870741AD
:107AB00085832310F6002310870023A00500EFF034
:107AC000BFBF35BF8547E31AF7F62945EF30901F52
:107AD00003470900B1473307F702BA9403C54400CE
:107AE000EFF07F9A33055503B7576A00E347F5F483
:107AF00083C70900B38767033E9A23040A0235BF90
:107B0000954763EDA706BD67938787B10A053E9544
:107B10001C41828781C9930500103715014029CE89
:107B20006F30003D854537150140130505C0C5BFC1
:107B300081C593050020D5B78945F5B781C5930563
:107B40000040E1BFC145C5B789C5856593850580FE
:107B5000E9B793050002C1BF99C185657DBF930553
:107B60000010D1B799C537150140A16513050580EF
:107B70007DB79305002045BF6F30C037828001116B
:107B800022CC26CA4EC62A8406CE4AC852C456C241
:107B9000EF20A0099387C1BF93192400CE979C437F
:107BA0009384C1BF1D8D9307803E63FFA706938713
:107BB000C19DA29703C7070025EB93068003B30678
:107BC000D4021387C11D1386C1B63697930664008D
:107BD0008606B29683D606002319D7000547238070
:107BE000E70093874180A29783C707009DE3014682
:107BF00081452285EFF0DFF0054685452285624408
:107C0000F240D2444249B249224A924A05616FF099
:107C10003FEF05476397E70C014685452285EFF066
:107C20003FEE05468145D9BFEF202000B3873401E0
:107C30009C431D8D9307007D63F5A70A93874180C0
:107C4000A29783C7070037090020138A4180931A3F
:107C500014001309C906D9EF130680033306C402C2
:107C6000930764001387C1B68607BA971387C11DAF
:107C700083D70700B3065901329703572701998F1D
:107C80001307106EB387E7021307803EB3D7E702EE
:107C9000372726001307075AB357F7022390F60039
:107CA0009387C19DA29701468545228523800700C1
:107CB000EFF01FE5014681452285EFF07FE45699FC
:107CC0000357090089661307B7F942074183938672
:107CD000A66A9387C19C63E3E6063E94854723002A
:107CE000F400F2406244D2444249B249224A924AE4
:107CF000056182800547E395E7FA130780033307A0
:107D0000E4029387C11D1386C1B6B3065901BA9721
:107D100013076400060732970357070083D727012C
:107D2000998F1307106EB387E7021307803EB3D70E
:107D3000E70237E7160013070736B9BF9386419D60
:107D4000A29603C60600A2972380070005061376B5
:107D5000F60F2380C60095459386419D63F9C502C1
:107D6000229A83450A0005461387C11D6396C50202
:107D7000130680033306C4021305703E3A96035877
:107D80006601636B05012380B700A304B602EF1000
:107D9000D069CE9488C0B1B7B3878600238007002E
:107DA000930780033304F40285473A9423220402A4
:107DB000A30AF402238AF19AD9BF411122C44AC00E
:107DC00006C626C285472A8432896380F50A91C98E
:107DD0008947638FF50EB240224492440249410123
:107DE0008280EF10906483A7019F9384019F1D8D73
:107DF0009307F07C63F5A700EF10306388C0EF10A5
:107E0000D0629C409384C19D1D8D637925030546F6
:107E100081452285EFF0DFCEB387840083C707005A
:107E200089EB9387A19D03D7070001E705472390BE
:107E3000E700269485472300F40071BF0146814581
:107E40002285EFF0FFCBB387840003C70700854787
:107E50006319F7009387A19D83D6070099E22390C9
:107E6000E700269423000400BDB7EF10105C83A741
:107E7000019F9384019F1D8D9307F07C63F5A700FC
:107E8000EF10B05A88C0EF10505A9C409384C19DA7
:107E90001D8D63782501054685452285EFF05FC677
:107EA00049BF014685452285EFF09FC5B387840011
:107EB00003C707008547E316F7FA1306007D93070B
:107EC000C012330626413356F602239DC19C51BF92
:107ED00001468545EFF0DFC2228501468145EFF07E
:107EE0003FC29387C19D3E94B5BF797122D406D617
:107EF00026D24AD04ECE52CC56CA5AC85EC62A8422
:107F000099CD85476384F56CB2502254925402593E
:107F1000F249624AD24A424BB24B45618280938712
:107F2000C13283D7C7039384C1329389C11D63894A
:107F3000073883D784040D4A63904733930780033F
:107F4000B307F402396713070710CE97945B637C7D
:107F5000D700054723A80702A384E7020146894505
:107F60002285EFF09FE593078003B307F402CE97D5
:107F700083C79702D1FBEF10504B1389C19E832713
:107F800009001D8D9567938707E263F6A702238496
:107F9000019293878192A380070023810700A38128
:107FA000070023820700A3820700EFD08F96EF100F
:107FB000D0472320A90093078003B307F4021319C5
:107FC00014001306A005CE9783D60702B3872401B9
:107FD00003D707006371D64A9306001963F4E600DD
:107FE0002390D700370700201307C706B387240163
:107FF0004A970357070083D70700B7C64700938601
:108000003612B387E7021307803E131A2400B3C762
:10801000E7021307007DB387E702138741CD63E9C9
:10802000F64685669386469CB3D7D702330647014A
:108030001CC25297104385452285EFF01FD8EF10E0
:10804000D03E9387C1CBD2979C43938AC1CB1D8DE1
:108050009307803EE3FAA7EA03D684040D479547C9
:108060006313E60085472385F18083C681A5054714
:108070006380E602130780033307E4024E978356BA
:108080000701138741D04A97035707006378D74009
:10809000B386240103D706009305000563F6E500C7
:1080A000B307F7402390F60093078003B307F40269
:1080B00083D66401CE97985B050798DB99CA11EACD
:1080C00063F9E6000547A384E70289452285EFF0BE
:1080D000DFCE03D744019307405163F6E70293874D
:1080E000C1D1CA9783D70700637FF7009307800346
:1080F000B307F4020547014689452285CE97A3843C
:10810000E702EFF09FCB93078003B307F402A94681
:1081100013074002138301C5CE9703D5070103D887
:108120006701B306D502B3C6E602138741C1529771
:108130001043B29614C31307803E33D7E602D8CF5C
:10814000138701C852971C43938801C8C2971CC368
:10815000138701C54A97035607006374060123106D
:1081600007011386C1C54A96035606001387C1C589
:108170006363C80009E6330627012310060113864E
:10818000819F229683450600254E850593F5F50FC0
:108190006360BE322300B600F54763EDA700930786
:1081A000200363F9D70093078003B307F402CE9747
:1081B0002384070203D784048D476309F708B38734
:1081C000240183D507009307F01D1308A05A63EF1D
:1081D000B700130780033307E4029307C0034E97E9
:1081E0000357070263F4E7001308C0581387C1D18F
:1081F0004A9703550700938781C9138681C6CA979A
:108200005296239007011C42138B81C6938B81C920
:1082100063DCA72C930780033304F402B707002024
:1082200093878707CA9783D70700A29903A70903F3
:1082300063F3E70008C2EF10501F938741CAD2973B
:1082400088C3938741C43E9923100900EF10F01DA5
:10825000569A2320AA004DB90946E386C7D01309D0
:1082600080033309250305474E99834769036381DA
:10827000E70CD9CF6386C71613098003330924039B
:108280004E99834799028DCF034A69038D4763193D
:10829000FA02054681452285EF101005938741803B
:1082A000A297294723224903230B09022380E700D1
:1082B000EF10B017931724001387C1CEBA9788C365
:1082C00083D784040D4AE38B47C783D7C403E39C59
:1082D00007C813098003330924034E998347990281
:1082E000E38B07C8054681452285EF10E07F938721
:1082F0004180A2972947232249032380E700EF10FA
:10830000D012931724001387C1CEBA9788C3A1B99E
:1083100083D6E40313161500B30796002390D70005
:10832000938741D0B2972390D700230BE902A9B7D6
:1083300003D704048326C9016379D70813172500DE
:10834000938781C6BA9723A007009387819FAA9736
:10835000238007009386C1D193171500BE96239002
:108360000600938601C5BE96BA8523900600035782
:1083700069019386C1C5BE962390E60083D6240486
:10838000138701C82E9723200700338797002310F7
:10839000D700138741D03E972310D70003D7E403BB
:1083A00023280902A3040902158F230BC90293068F
:1083B000301FE3C3E6EC3707002013078707BA979F
:1083C0001307A0052390E70045BD03479902E395F5
:1083D000E7EA01468945EFF05F9E230B490369BD3B
:1083E00083D744048326C90163F4D70813172500F3
:1083F000938781C6BA9723A007009387819FAA9786
:10840000238007009386C1D193171500BE96239051
:108410000600938601C5BE963A8623900600035750
:1084200069019386C1C5BE962390E60083D6640495
:10843000138701C832972320070033879700231042
:10844000D700138741D03E972310D7002328090275
:10845000A3040902230B49031307703EE36ED7E020
:108460003707002013078707BA971307600999BFDA
:1084700083479902A9BF1306C0036375D60093060C
:108480000032A9BE7946E37FD6B49306C05DB9B683
:10849000B30747019306807594C361BEE3F6E6C057
:1084A0003387240183560700B6972310F700EDBEEB
:1084B000B305230103D305004A9723000600B387C1
:1084C0006740035307001386C1D1B38767408D838C
:1084D0004A962310F600B387480123900500231025
:1084E000070123A007004DB903D704012A9763545D
:1084F000F7066352F806138641C44A96835606006F
:108500008567138577BB8506C206C1822310D60016
:10851000938441C479466368B500938787BB8D8F88
:10852000918713F6F70F1387419E22972300C70008
:10853000E37ED6D00146894522852699EFF0FF8754
:1085400023100900930780033304F402A29985479E
:10855000A384F902E5B9EF10406D938741CAD29721
:108560009C431D8DB78710009387F7AB63F3A70279
:10857000B3862B0183D7060033074B01184393873B
:10858000E7FD6348F700014689452285EFF0FF8249
:1085900055BF93078003B307F402BE9903A7C9012F
:1085A0008567938787BB63F8E70001468945228585
:1085B000EFF0BF8069BF938741C43E99835709009C
:1085C000E38607C8FD172310F90049B1EF10E065F5
:1085D0009387C1C293142400A6979C431D8D9307D3
:1085E000007D938AC1329389C11D131A1400138B25
:1085F000C1C21309840063F7A70283C781A56388FA
:10860000071293171900D69703D7E70093060005C2
:1086100063F5E60059172397E700EF100061269BEA
:108620002320AB0037070020931719001307C70654
:10863000D69752970357070083D7E700B7162B004A
:108640009386B6D7B387E7021307803EB3C7E70226
:108650001307007DB387E702138741CD63E3F6126A
:108660001306C05DB3D7C702B30697009CC2269716
:10867000104381452285EFF04FF493078003B30741
:10868000F4028546CE9703C79702631ED70083D6B0
:108690008A04639AE6000D47D8D393874180A29756
:1086A00029472380E700EF1040589387C1CBA69756
:1086B0009C439305803E1389C1CB1D8DE3F6A584B1
:1086C000130780033307E402A947930640024E973D
:1086D00003560701B307F602B3C7D702938641C119
:1086E000A6968842AA979CC2B3D7B7028356670161
:1086F0005CCF1C5B85071CDB03D7AA02938741C4B0
:10870000D29763E6E600130750046362C70A03D7F3
:108710000700F94605074207418363EAE60623900E
:10872000E700EF108050CA9488C06FF0EFFD130788
:1087300080033307E4024E9703560701138701D1E4
:108740005297835707001307200333C7E702B38606
:10875000E700E3C8C6EA3297E351F7EC9316190035
:10876000D69603D7E6009305B05DE3E8E5EA130685
:10877000860C6346F60029072397E60079BD51076A
:10878000E5BFB30797009306807594C3CDB52285E6
:108790000146894523900700EFF02FE293078003FD
:1087A0003304F40285474E94A304F4029DBF239042
:1087B000070085BF797152CC9387C13BB04322D467
:1087C0004AD006D626D24ECE56CA5AC85EC662C413
:1087D0002A84138AC13B1389C11D09EA93078003C8
:1087E000B307F502CA9783C7870285E7930780031B
:1087F000B307F4029386C1203307F900230407006E
:1088000023000700A3040702B69723920700231D45
:10881000070093048003B30494020947CA94DC5010
:108820006388E7228D46638CD75C6394071693199F
:108830002400931A14004DE203CB8402854763158C
:10884000FB0683C74403ADE383C75403D1E7D8D005
:10885000EF10A03D9387C1BFCE9788C3EF10E03CD7
:108860009387C1CBCE9788C3938781C6CE9723A029
:108870000700938741C4D6972390070093874180D0
:10888000A2977D572380E7009387B19B03C707001A
:10889000A3840402238A0402239D04006316670153
:1088A00023220A002380070093078003B307F40202
:1088B000CA9703C757030DE383C7470391EF931488
:1088C0000401C180014681452685EF10E021014663
:1088D00085452685EF104021014689452285EFF028
:1088E000CFCD938741C1CE9723A007009307800384
:1088F000B307F4021387819F229723000700138791
:1089000001C84E9723200700138701C5CA975697C1
:108910002310070023AE070023A8070283D76701AF
:108920001387C1C556972310F7009387C1D1D697F7
:1089300023900700EF10602F938741CACE9788C31A
:10894000B707002093878707D6971307D002239095
:10895000E7009387C19CA297238007009387419DDE
:10896000A29723800700938701A0A2972380070086
:10897000EF10A02B9387C1C2BE999387C19BA2978A
:108980002380070023A0A9009387419CA2972380FE
:10899000070083270A04639D076E93078003B307CC
:1089A000F4023E998346890285476397F6029387CE
:1089B000E19F03C7070005072380E700938701A015
:1089C000A29783C707006399D700938761A003C765
:1089D000070005072380E7009547631FF404EF10A5
:1089E000C0241389419F832709001D8D9307803E72
:1089F0001384E19F938461A063F7A70283C60400F8
:108A0000034704009387B19B63F0E66803C7070040
:108A1000631C076683274A0085072322FA00EF10AC
:108A2000C0202320A9008347040099E323220A00E1
:108A30002300040023800400B250225492540259AF
:108A4000F249624AD24A424BB24B224C4561828083
:108A50009389C13203DB8904938AC19C938BC13211
:108A600063120B10138741802297034707009387F7
:108A700041801DC303D7C90309EF83D6C90013166C
:108A80001400138741D0B29932972390D900231054
:108A9000D700A29723800700A29A83C70A00639198
:108AA00007342285EFF0AF8D93048003B304940262
:108AB000CA9483C7840285EF23A204020146894534
:108AC0002285EFF08FAF238B040293140401C18041
:108AD0009387C19DA2970146814526852380070083
:108AE000EF108000014685452685EF00F07F930456
:108AF0008003B304940293075005CA9403D7A401DA
:108B000063F5E70223A20402014689452285EFF0BE
:108B1000CFAA9387C19DA297238007008547238B07
:108B20000402238AF402238AF19A93078003B3078D
:108B3000F402CA9703C75703E31D07E483C747033B
:108B4000E39907E493874180A29703C60700138740
:108B5000419C85469387C19B2297631CD62823009E
:108B6000C7002DB5054C631B8B0393874180A297EB
:108B700003C70700E30267F32380670193078400BC
:108B800083D6A9018607BE99138701D193171400D4
:108B9000BA972397D9002390D700FDBD631EFB0E23
:108BA00083C784008D8B13F7170061EF9DCF61A8F9
:108BB00001000100010001000100010001000100AD
:108BC000010001000100010093078003B307F402D4
:108BD000CA9703C79702E30107EC03C78700A38482
:108BE000070205072384E70045BD93844180A294D2
:108BF00083C70400F1DB014685452285EF00D06E76
:108C000003D7E90093161400B38736012390E700D9
:108C1000938741D0B6972390E700239E09022380D3
:108C20000400B3878A00238007009387419DA297A1
:108C300023800700EF00707F931724001387C1BFC4
:108C4000BA9788C351B793844180A29483C7040024
:108C5000E38C87F7014681452285EF00F068930792
:108C6000840083D6C9018607BE99138701D1931763
:108C70001400BA972397D9002390D700238084014A
:108C80004DB793874180A29723806701EF00F07969
:108C90008D47C8C4DCD00DBF8D47E31FFBDE83C703
:108CA00004001547636DF700B317FC0013F7A70224
:108CB000631D071013F7170115E7918BC1EB93079D
:108CC0008003B307F402CA9703C79702E30607DCE1
:108CD00003C7070023A80702A38407020507238010
:108CE000E7005DBB93844180A29483C70400E1DB6D
:108CF000014685452285EF00305FB3878A002380D7
:108D000007009387419DA297239E090223800700B5
:108D100023800400EF0070711387C1BF93172400F4
:108D2000BA9788C3930784018607CE9703D70700B5
:108D3000A947931614003357F702938741D0B69989
:108D4000B6972390E9002390E70095BF13874180F1
:108D500022970347070093844180E30287F7014687
:108D600081452285EF0050580547B3878400238052
:108D7000E700B3878A00238007009387419DA2976D
:108D800023800700EF00706A1387C1BF9317240088
:108D9000BA9788C301000100010001009307840114
:108DA0008607DE9783D607009547B3D6F60293076A
:108DB00084008607BE9B138701D193171400BA97CE
:108DC0002397DB002390D700DDBD93874180A297D6
:108DD00023806701EF007065C8C023A26403C5B596
:108DE00093874180A29783C507002285EFF0EF8F1C
:108DF00065B9A297230007002380D70059BE938B43
:108E0000C13203DB8B048549938AC13263063B116F
:108E100063020B04630AEB14630CFB2093048003CE
:108E2000B3049402CA9483C78402E39407B69319E7
:108E3000040193D90901014681454E85A3840402AA
:108E4000EF00904A014685454E85EF00F04923A288
:108E5000040281B69387419CA297238007009387E1
:108E6000C19BA297931924009384C1CE238007004D
:108E7000CE94EF00905B9840198D372709001307B7
:108E8000077C6378A708EF00505A9840198D376720
:108E900026051307F7BF636EA70603D68B0193075A
:108EA000803E05673306F6021307479C8545334627
:108EB000E6021307007D3306E6023356F602938777
:108EC00041CDCE9790C3228593140401EFE0FFEECD
:108ED000C180014685452685EF0010410546814544
:108EE0002685EF007040938701A0A29703C7070073
:108EF000E31607F205472380E700A389E19A23954B
:108F000001A223AE01A2054685450565EF00D03DCF
:108F100031B70146894545BF9387419CA29723807D
:108F200007009387C19BA297014689452285931428
:108F3000040123800700C180EFE03FE8014685453A
:108F40002685EF00703A054681452685EF00D03929
:108F5000938701A0A29703C70700E31107EC2380C2
:108F60006701A389619B61BF014689452285EFE0C6
:108F7000DFE483C784001147637BF70403D7EB0268
:108F8000FD1789876395E7049387419CA297238007
:108F9000070093140401C1809387C19BA2970146E7
:108FA0008545268523800700EF001034054681455E
:108FB0002685EF007033938701A0A29703C70700AF
:108FC000E31E07E423803701A389319B0DBFEF0027
:108FD000D04593078003B307F402BD66938606A6C7
:108FE000CA97D847198D03D7CA023307D7026375CA
:108FF000A70203C7870023A2070205072384E7000F
:1090000093140401C180014685452685EF00D02DCB
:10901000014681452685DDBD9387419CA297054782
:109020002380E7009387C19BA2972380E700FDB3CD
:10903000014689452285EFE05FD883C7040023A855
:1090400004021147ED1793F7F70FE37FF7F2EF00F4
:10905000D03DDC401D8DB7F73600938707E863FAF3
:10906000A70083C7040023A2040285072380F4001D
:1090700041BF9387419CA297238037019387C19B6F
:10908000A2972380370159BB05472380E70061BAC7
:1090900093078003B307F4020146894522853E9970
:1090A0002322090223280902EFE03FD123220A00EC
:1090B00061B201114EC691653715014006CE22CC32
:1090C00026CA4AC89384A1A1EF10F0612380A400AE
:1090D000A16537150140EF10106103C70400A38D8F
:1090E000A1A01389B1A1B366E5009389A1A19387DB
:1090F00091A11384A1A0938471A09DE205472380D0
:10910000E70083C709002380F40083470900F24089
:10911000D2442300F40062444249B249056182808E
:1091200083C60700F9DE71DF69DD2380070083470E
:109130000400A1C39387C1A103D7070083D601A26E
:109140006373D70205072390E70083D7E13A81CB09
:1091500005650546D145130505C8EFE00F8B15479A
:10916000A384E1A079BF03D7E1A165D303D721A2EE
:10917000D9BF83C70400F1DB9387C1A103D70700E0
:1091800083D621A263F4E6007D1775BF03D7E1A162
:109190004DDF03D701A245BF01112D4522CC4EC69C
:1091A00052C456C25AC006CE26CA4AC8056BEFE062
:1091B0008FAD9307BBDA938941A11384B1A0938A41
:1091C000C1A1138A61A263ECA7082A89EF00F025E8
:1091D00083A70900938401A11D8DBD4763F2A702F7
:1091E000EF00B02405472386E1A023A0A900930740
:1091F000B05D63E7270583D7040085072390F4005B
:1092000003D704009307100363F5E700A147230089
:10921000F40003D724009307100363FEE70A89478D
:109220002300F400054685450565239501A2EF005E
:10923000B00B23AE01A283D70A002310FA006DA061
:10924000130939A24209135909019307E07CE3E9A4
:1092500027FB83D7240085072391F40055B7EF003F
:10926000D01C83A709001D8DBD4763F6A706938711
:10927000C1A003C70700938401A149C3238007004D
:1092800083D7040013070003FD17C207C183636E71
:10929000F70091472300F40083D7E13A99C70546C8
:1092A000D1451305CBA8EFD05FF683D72400130771
:1092B0000003FD17C207C183636FF70085472300D2
:1092C000F40083D7E13AB9DF05650546D1451305BA
:1092D000C5A8EFD09FF383470400A9F703D70A007E
:1092E00083570A00E310F7F4F2406244D244424943
:1092F000B249224A924A024B0561828023A00400AF
:1093000023000400EF00701223A0A900E9B703C8EE
:1093100081A1938741A2C29783C807001388C1A186
:10932000638EA8002380A70083D705002310F800D0
:109330002391C1A22390D1A2239FE1A083570800CB
:109340002390F5008280011122CC3714014026CAF7
:109350004AC84EC652C456C206CE2A89A144130436
:1093600004C0A169116A916A93178901E18763DBDF
:10937000070223283401232A54010545FD14EF2058
:10938000601106092328440193F4F40F1379F90FAF
:10939000E1FCF2406244D2444249B249224A924A34
:1093A00005618280232A3401F9B7411122C426C203
:1093B0004AC006C63714014093040040232A94C0D3
:1093C0000969232A24C1EFF01FF8232824C1232888
:1093D00094C0B2402244924402494101828041112A
:1093E00022C426C24AC006C6371401409304004076
:1093F000232A94C00969232824C1EFF0DFF4232A2B
:1094000024C1232894C0B24022449244024941011D
:109410008280011126CA4AC84EC606CE22CC938449
:109420008190930905081309054803C504001384B6
:1094300009F81365050BEFF05FF74145EFF0FFF614
:109440000145EFF09FF605040345F4FFEFF03FF907
:10945000E31B34FF930904088504E39829FDF240D7
:109460006244D2444249B24905618280411126C218
:1094700006C622C44AC0138981A203470900938704
:109480008190BA972A8403C50700938481A213654B
:10949000050BEFF09FF14145EFF03FF10145EFF093
:1094A000DFF0834709009E073E9413090408050472
:1094B0000345F4FFEFF0BFF2E31B89FE83C704000E
:1094C0001D47850793F7F70F636AF7002380F400C1
:1094D000B240224492440249410182802380040028
:1094E000C5BF011122CC4EC626CA52C456C25AC0AC
:1094F00006CE4AC82A8A1384C1DD814493898190AB
:10950000130B0008A14AB387990003C5070001495E
:109510001365050BEFF07FE94145EFF01FE90145C9
:10952000EFF0BFE8B3072401238047015285050906
:10953000EFF0FFEAE31869FF850413040408E394DD
:1095400054FDF2406244D2444249B249224A924A0E
:10955000024B056182804111930775FA22C406C649
:1095600026C24AC093F7F70F5147130430066363CE
:10957000F7002A84B71401401309000423AA240128
:109580005145EF1030711305200E23A82401EFF090
:10959000DFE11305E00AEFF05FE11305200AEFF0C9
:1095A000DFE01305000AEFF05FE01305000CEFF0B9
:1095B000DFDF13054002EFF05FDF13051008EFF067
:1095C000DFDE1375F403EFF05FDE1305C002EFF08A
:1095D000DFDD0945EF10106F1305E002EFF0FFDC4F
:1095E0000945EF10306E1305F002EFF01FDC09455E
:1095F000EF10506D1305600AEFF03FDB1305400AD2
:10960000EFF0BFDA13050004EFF03FDA1305000BAB
:10961000EFF0BFD94145EFF05FD90145EFF0FFD83A
:109620000145EFF01FEC0945EF10D0692244B2402C
:10963000924402491305F00A41016FF01FD7954784
:1096400001163306F60213D73500938701919D89E1
:109650001E07AE97B306A70083CE070013070708BF
:109660009387C1DD42062A973D63A1484182BE9699
:109670003385E7000148130303B3B388B840154F9F
:10968000B30706019A9703CE070021478147860753
:10969000937F1E0093F7F70F63850F00850793F7FD
:1096A000F70F7D171377F70F135E1E006DF303CED0
:1096B000060033F7FE003357B7403347C701238016
:1096C000E60003470500B39717010508B98F23008B
:1096D000F50085060505E315E8FB828079714AD01F
:1096E0004ECE52CC22D426D256CA5AC85EC662C4C6
:1096F00006D62A842E8BB284930A56011389C13A66
:109700009389C13B894B138AC132114C03C60400B3
:1097100019C2639E9A00B250225492540259F249DF
:10972000624AD24A424BB24B224C45618280DA8572
:109730002285EFF0DFF08357E900850491CB83A702
:10974000090499C76398770183578A046394870152
:10975000190411A01D041374F40F4DBF411122C44C
:1097600026C28545938481D22A84138681D20545F9
:1097700006C6EFF0BFF613866401A9450545EFF074
:10978000FFF51386C402CD450545EFF03FF513867E
:109790002404F1450545EFF07FF413868405930515
:1097A00050020545EFF09FF31386E4069305E002AF
:1097B0000545EFF0BFF21386440893057003054595
:1097C000EFF0DFF1138741DC03472700938741DC8B
:1097D00031E303C7570049E703C7870069EB03C7B5
:1097E000B700631D071003C7E7006310071603C720
:1097F00017016313071A03C747016316071E85473E
:10980000631AF4222244B24092441385C1DD41011F
:109810006FF0DFC503C707009D461D463307D7021B
:1098200083C61700B386C6021377F70F1386C1DD10
:109830008506E3C0E6FA3305E6008345050093C5D7
:10984000F5FF2300B50093050708B29503C5050091
:1098500005071377F70F134505F82380A500D1BF3F
:1098600003C737009D461D463307D70283C647000E
:10987000B386C6021377F70F1386C1DD8506E3CDE5
:10988000E6F493050708B29503C505001345F507EF
:109890002380A50093050710B29503C505000507B1
:1098A0001377F70F134505FC2380A500C9BF03C735
:1098B00067009D461D463307D70283C67700B386EF
:1098C000C6021377F70F1386C1DD8506E3C9E6F0FC
:1098D00093050710B29503C505001345F5032380D2
:1098E000A50093050718B29503C505000507137772
:1098F000F70F134505FE2380A500C9BF03C79700D6
:109900009D461D463307D70283C6A700B386C6020D
:109910001377F70F1386C1DD8506E3C6E6EC9305E2
:109920000718B29503C505001345F5012380A5006E
:1099300093050720B29503C5050005071377F70FB8
:10994000134505FF2380A500C9BF03C7C7009D4677
:109950001D463307D70283C6D700B386C6021377E6
:10996000F70F1386C1DD8506E3C3E6E893050720FC
:10997000B29503C505001345F5002380A5009305A6
:109980000728B29503C5050005071377F70F1345A0
:1099900085FF2380A500C9BF03C7F7009D461D466C
:1099A0003307D70283C60701B386C6021377F70FC2
:1099B0001386C1DD8506E3C0E6E493050728B2956A
:1099C00003C50500134575002380A50093050730E6
:1099D000B29503C5050005071377F70F1345C5FFBB
:1099E0002380A500C9BF03C7270183C737019D4650
:1099F0003307D7029D46B387D7021377F70F9386B5
:109A0000C1DD8507E3CDE7DE1306073036968345D3
:109A1000060093C535002300B600130607383696B6
:109A20008345060005071377F70F93C5E5FF23006D
:109A3000B600C9BF8947631AF4002244B240924479
:109A40001385C1DD41016FF0DF9CB2402244924496
:109A5000410182808D473305F502938741DC3E95B5
:109A60002300B500A300C5002301D5008280411169
:109A70004AC03719014022C426C206C6AA844144FE
:109A800013090980896537150140EF10A0469397A7
:109A90000401C187930500104A8563D40704EF10C1
:109AA000204586047D14C20489653715014013746E
:109AB000F40FC180EF10C04371F485643714014086
:109AC00093850480130504C0EF10C042130504C041
:109AD0002244B240024993850480924441016F10B0
:109AE0002041EF10204175BF95476314F50093C5E1
:109AF000150013171500854791C18947B397E700F3
:109B0000C2070567C1836313E50085678546138730
:109B1000C1806313D60283560700D58F2310F70048
:109B20009387A1A20355070003D70700630BA70281
:109B30002390A7006FF0BFF319E68356070093C781
:109B4000F7FFF58FE1BF89476314F600FD57F9B7BA
:109B50008D476315F60023100700D9B72310A7001F
:109B6000C1B7828029463356C5023D67130747E9CE
:109B70009307B00981469305D00703580700636A2D
:109B8000C800035827006376C800B386F540C206B4
:109B9000C186FD17C207C1830907E5F3930770204B
:109BA00063E4A7009306E007368582806FF09FFB91
:109BB000797126D2AA84056522D4130505802E84E6
:109BC000854506D6EF10A04C231A8100373401409A
:109BD0004C08130504C0231C9100231D0100231B06
:109BE0000100230E0100EF1020509307901223165E
:109BF000F100680085473EC823070100EF10C03020
:109C00000546130504C08545EF10606C130504C0BC
:109C10008545EF10E073130504C08545EF1000681B
:109C2000B250225492544561828003A541A38280A0
:109C3000011122CE373401408545130504C026CCDE
:109C40004ACA4EC852C656C4EF10C06E6306050E0F
:109C50008545130504C0EF10A06F938741A3984377
:109C6000050798C3EFF0EFC49387C13B03D74703C1
:109C700069CF7D17239AE7029386E1A283D7060076
:109C8000130630068507C207C1832390F6001387A9
:109C900021A36376F60223900600938681A303C670
:109CA00006008357070045EA8507C207C1832310D2
:109CB000F70039466375F60085472380F60083D6A2
:109CC00001A32546938701A38506C206C182636D61
:109CD000D6082390D7000357070083D707007917CA
:109CE000B3A7E7002386F1A201449384C1A213899C
:109CF000419C054A9389C19B994AB307240183C7B4
:109D00000700639A470103C6040013150401854543
:109D10004181EFF07FDDB307340183C70700639A09
:109D2000470103C604001315040181454181EFF08A
:109D3000BFDB0504E31354FD7244E2445249C249B7
:109D4000324AA24A05617300203081453705004040
:109D5000EF10E05D15B7FD17C207C1832310F700B0
:109D6000B9FF23800600A1BF23900700ADB711659E
:109D7000797185451305D50306D622D426D24AD05B
:109D80004ECE52CC56CAEF108030C1440D499307D5
:109D9000000C4C00371501402312F1004AC426C6BE
:109DA000EF10400837140140F9779387C7404C0003
:109DB000130504C02312F1004AC426C6EF10800622
:109DC000130504C09145EF10E012130504C0A1452E
:109DD000EF10401285472312F1004C00E1471305B4
:109DE00004803EC6EF100004854991474C001305DE
:109DF00004402312F1004EC426C6EF10A002F177F2
:109E00002312F1004C0093078004371501404AC427
:109E10003EC6856AEF10000193870A804C00130547
:109E200004C02312F1004AC426C6EF00B07F4C00E4
:109E3000096A37150140231241014AC426C6EF00C2
:109E4000707E930700104C00130504802312F1006C
:109E50004AC426C6EF00107D9307E00F4C0013059F
:109E600004802312F10002C6EF00D07BBD474C00F6
:109E7000371501402312F10002C6EF00B07AE177F6
:109E80004C00130504802312F1004EC426C6EF00D7
:109E900070794C00130A0AF0371501402312410172
:109EA0004EC426C6EF00107813050480A165EF109C
:109EB00060048965938505F037150140EF10800334
:109EC000930730334C00130504C02312F1004EC435
:109ED00026C6EF003075130504C093053033EF102C
:109EE000600185454145EF10801A930700034C003F
:109EF000371501402312F1004AC426C6EF009072C4
:109F00004C00130504C0231251014AC426C6EF00B9
:109F1000707101469305000837150140EF00D07DB0
:109F2000B250225492540259F249624AD24A4561CF
:109F300082805D71A2C4A6C22E84AA848545114583
:109F400086C632C6EF10A01485450545EF100016F1
:109F500085472312F10237150140E1473ED64C10E8
:109F60008D47130505803ED4EF00D06B2C083705D4
:109F70000040231E9100231C8100231F0100231D8C
:109F80000100EF1060163246C167938707070C186F
:109F9000370500403ED8231BC102231C0102EF10ED
:109FA000201C854537050040EF10003181453705FD
:109FB0000040EF100035854537050040EF10803236
:109FC000854537050040EF10602DB6402644964485
:109FD00061618280C16701119387070726CA3EC06D
:109FE00006CE22CC231401008547AE846319F50602
:109FF00037140040130504802313B1008A85EF1045
:10A00000201613050480A145EF10A02F89679387C0
:10A010001771130504808A852313F100EF10C01C0B
:10A02000130504808145EF10E02E37140140A1454F
:10A03000130504C0EF00106C93050008130504C05D
:10A04000EF00506B2945EF10E0449145130504C023
:10A05000EF00106AF2406244D244056182800964D4
:10A0600013041471231381008A8531E937140040E9
:10A0700013050480EF10C00E130504808145EF1016
:10A080004028130504808A8523139100EF10C01522
:10A0900013050480A145EF10E027371401409145D6
:10A0A000130504C0EF00106593050004130504C0F8
:10A0B000EF0050642945EF10E03DA14541BFB714C2
:10A0C000004013850480EF10A00913850480A1458A
:10A0D000EF1020238A851385048023138100EF105D
:10A0E000A01013850480A145EF10C0223714014051
:10A0F000130504C09145EF00F05FA145130504C0AE
:10A10000EF00505F81BF397122DC26DA2E84AA84E9
:10A110008545214506DEEF00907785451145EF0026
:10A12000F0789307000C231AF10037150140E1473E
:10A130003ECE4C088D47130505C03ECCEF00904E37
:10A1400023148100371400402C00130504802316CB
:10A1500091002317010023150100EF00F078C1677B
:10A16000938707073ED08567938707FA0C1013057E
:10A1700004802313F10223140102EF00707E130503
:10A180000480A145EF10E0179307007D0C10130524
:10A1900004802313F102EF10200513050480A1456C
:10A1A000EF104017130504808545EF10A013130529
:10A1B00004808545EF10800E130504808545EF105F
:10A1C000A00F89659385F5700945EFF0BFE0F25067
:10A1D0006254D2542161828083D74137011122CC4D
:10A1E00006CE26CA4AC84EC61384C13BC5CF130744
:10A1F00040006399E70A010001000100384019C7D7
:10A2000089466311D70A1147639EE708054637154B
:10A210000140914513050540EF00104E585093073B
:10A220002003938481A61389C1A663DFE70683C751
:10A23000040081E785472380F400EFF01F9F832708
:10A2400009001D8D9307803E63F1A7081C544850F8
:10A25000B7F9000085071CD4EF20C053B7F7000002
:10A2600003A6870B83A6C70B938401A6EF10702665
:10A2700003A6090C83A6490CEF20E0009040D440CF
:10A28000EF10203203A6090C83A6490C88C0CCC06D
:10A29000EF103024EF20404A48D4EFF01F992320DC
:10A2A000A90025A00146A5B723A001A623A201A6C7
:10A2B000238004002326040223240402EFF0FF96E7
:10A2C00083C704002320A900ADFBF2406244D244BE
:10A2D0004249B24905618280411122C426C206C6A4
:10A2E000239901389387C1329384C13B2394070497
:10A2F00089472396F4008547BCC0EFF01F933707CA
:10A30000010823AAA1A6835547C623A00120996668
:10A310009307004B9CC49386A6AA1386C13263861A
:10A32000D5043D678147130787FE930680043305F4
:10A33000F70003550500B305F60089072390A50033
:10A34000E397D7FE3D6781479386C13A130707031A
:10A35000C1453308F700035808003385F600890724
:10A3600023100501E397B7FE89A0B707010813077B
:10A3700007C01384C132938687C48355070009043C
:10A380000907231FB4FEE31AD7FEB7060108938717
:10A39000A7C41387C13A9386A6C583D507000907CA
:10A3A0008907231FB7FEE39AD7FE83572601494743
:10A3B000B240B387E702294722449244B3C7E70279
:10A3C000938707022395F19A4101828083D7A13BAD
:10A3D000011106CE22CC26CA4AC84EC6C1E3B7F543
:10A3E000000093850507138581D2EF2070229384A6
:10A3F000E1D30544B7E900001D499385C93C268592
:10A40000EF201021228505048146494681451374B9
:10A41000F40FEFF02FE4D904E31124FFB7F50000A7
:10A420008946054693854508138541D5EF20F019E7
:10A43000B7F50000F14605469385C5091385A1D6F9
:10A44000EF20B0186244F240D2444249B2498546F6
:10A4500049468145014505616FF0CFDFB9659385B8
:10A46000C54651B71387C13A0357E70001114AC8DF
:10A4700006CE22CC26CA4EC652C41389C13A49E33D
:10A48000B7F5000093850504138581D2EF2050189D
:10A490009384E1D3054437EA00009D499305CA3C03
:10A4A0002685EF20F0162285050481464946814520
:10A4B0001374F40FEFF00FDAD904E31134FF03C77C
:10A4C000C13B85476311F7028357E9008DEF37F6EB
:10A4D000000013068604B7F5000093854505138533
:10A4E00041D5EF20900E6244F240D2444249B24935
:10A4F000224A854649468145014505616FF08FD561
:10A500009385819151B73D6613064606E9B701115F
:10A5100006CE22CC26CA4AC84EC652C4EF00007EE0
:10A5200013055003EF0010000545EF00B07937091F
:10A530000108130509C0EF005004938741A4930953
:10A5400009C088C39384C132138441A4114A1309FA
:10A5500089C41C40639C4701890483D5E4FF4E8570
:10A560008909EF00100708C0E39529FFB707010824
:10A570001389A7C49384C13A114A9389A7C51C4083
:10A58000639C4701890483D5E4FF4A850909EF00EC
:10A59000500408C0E31539FF370401089965938515
:10A5A000A5AA130544C6EF00D0020545EF0090713F
:10A5B0009165938535A3130584CCEF009001054583
:10A5C000EF00507013055003EF00C0750945EF0010
:10A5D000706F6244F240D2444249B249224A056156
:10A5E0006F0060735D71094586C6A2C4A6C2CAC069
:10A5F0004EDE52DC56DA5ED65AD862D466D26AD0C3
:10A600006ECEEF001010EF00506671651305052047
:10A61000EF00506E37F500001305854CEF20207ACF
:10A62000EFF0EFF40145EFE01FF39305700413051D
:10A63000803EEFF0EFD709641D6513060471814574
:10A640001305B582EFF0FF8EEFC03FD813050471FC
:10A650008145EFF05FABEFF03FC8BD6513060038F2
:10A660009385850C1385C1DDEF40D05B1385C1DD7B
:10A67000EFE03FDA114681450565EFF0EFC6114680
:10A68000814513055495EFF02FC61305803EEF006A
:10A6900070630565114681451305A56AEFF0CFC4C7
:10A6A0001305803EEF0010621305800CEF009061EF
:10A6B0000D4681450145EFF02FC3054685450565EB
:10A6C000239501A2EFF04FC2EFF02FD693874139C7
:10A6D00023A8A1A64EC2239D019C014426C0138A33
:10A6E00001A79389C11D3EC605041374F40F954755
:10A6F00063F387000144130780033307E402938761
:10A70000C11DBA97D8538947631CF700B7070020CB
:10A710009387C70FA29703C7070085476318F706FB
:10A72000EFF0AFD0B24793142400BE949C401D8D2F
:10A730009307904A63FCA704054685452285EFD020
:10A740002FBC2285EFC07FF20945EF00B0571D45B1
:10A75000EFC07FD3138B41A52310AB000146854585
:10A760002285EFD0EFB993078003B307F4020357B4
:10A770000B0085669386D68F3337D70013471700B3
:10A78000CE972384E702EFF04FCA88C0EFF0DFA432
:10A7900082471306004081451385C1DDEF805F9A33
:10A7A000EFE09F9F83D7A19D9384C1A46385071C7D
:10A7B000EFF0AFC79C4079471D8D83D7A19D8507DA
:10A7C000B387E70263F4A700239D019CEFF0EFC578
:10A7D00083270A009384C13B1D8D9307007D63FF8F
:10A7E000A7089C4413078025938787C16372F702EB
:10A7F00003C704008547630DF7001547B8C083C63B
:10A80000419B2380F40023A401A499E2238AF19AB6
:10A81000238001A4CE8C014C138B01A4854D194DCE
:10A820006285EFD03FF983C78C026397B7018347F6
:10A830000B0085072300FB00050C137CFC0F938C99
:10A840008C03E31FACFD938711A403470B0083C661
:10A850000700638EE6002380E700924705468545A2
:10A860000565239501A2EFF02FA823AE01A20146B2
:10A870009305000837150140EF000068BC40638B6A
:10A88000071483C7040063840710014B930C800CEA
:10A89000194CEFF08FB983A781A4131D0B01135D31
:10A8A0000D011D8D014663FEAC0C85456A85050BC7
:10A8B000EFF08FA3E31F8BFDEFF02FB7138B81A475
:10A8C00083270B001D8D9307802563F6A700EFF00B
:10A8D000CFB52320AB00EFF04FB583A701A5138BB5
:10A8E00001A51D8D9307803E63FAA70683D7C13A61
:10A8F0008DC39386C1A39842050798C29306C003EF
:10A90000B387D70263F7E700014685450565EFF099
:10A91000AF9D03D7A901239BE1A49386C11D0146E6
:10A92000938761A583D5A6016374B7002E8705467A
:10A93000938686039385C132E396D5FE19C2239090
:10A94000E70003D7E13383D707002907B327F700D0
:10A95000238CF1A4EFF06FAD2320AB00EFA0FFAB91
:10A96000BC4019476362F70E3D678A071307C7FCAF
:10A97000BA979C438287EFC07FF9EFF00FAB88C096
:10A98000B1B581456A85EFF02F96054639BFCE8D6A
:10A99000814C054C194B83C78D02139D0C01135D2F
:10A9A0000D0163928703054681456A85EFF0CF93D9
:10A9B000054685456A85850CEFF00F93938D8D03D1
:10A9C000E39B6CFDD5BD014681456A85EFF0CF91D3
:10A9D0000146C5B79387419C4E8B814D054D3EC4C2
:10A9E000938CC19B03475B036306A70103474B039B
:10A9F0006313A705A247139C0D01135C0C01338759
:10AA0000FD002300070033879D0123000700EFF0BE
:10AA1000CFA183A681A49307800C0146158D63E323
:10AA2000A700054685456285EFF00F8C01468145FC
:10AA30006285EFF06F8B850D9947130B8B03E393C2
:10AA4000FDFA9DBDEFC0EF9FEFF02F9E03A741A73A
:10AA5000938441A7198D13074006637DA70083D710
:10AA6000C13A99E323AE01A20945EFE03FCFEFF0F1
:10AA7000CF9B88C003C7519B85476314F700EFF055
:10AA80001FA9EFC0BF8F8DB1EFC06FE675BFEFC0DC
:10AA90006F955DBFEFA03FEB45BF83C7B1A00547F2
:10AAA0006395E70023800400BCC0EFF0BF9B69BF43
:10AAB00003C7B1A08547631AF70037F5000089473F
:10AAC0001305C54DBCC0EF20802FEFF03F90ADBF08
:10AAD0009761FF1F938181E217A1FF1F130181522C
:10AAE00017550000130585C69755FF1F938585519F
:10AAF0001386819263FAC5008322050023A05500C6
:10AB000011059105E3EAC5FE1385819293854140C5
:10AB10006377B500232005001105E36DB5FE9302B0
:10AB2000800873A002309782FFFF9382225193E244
:10AB3000120073905230EF808FEB970200009382E7
:10AB4000A2AA7390123473002030B7270140938774
:10AB50000740631EF500411185451305002006C618
:10AB6000AD23B2408145130500204101B9AB82807D
:10AB70005C413707F1FF1307F7EF7D8FDC4194410C
:10AB8000A207D58FD98F5CC11C4537F7F1FF13079A
:10AB9000D77FD4457D8F9C49D58F94458606D58F28
:10ABA000D98F1CC55C55370710FF7D177D8F83C774
:10ABB0004501FD1793F7F70FD207D98F5CD5828037
:10ABC0001C4589C593E717001CC58280F99BEDBF22
:10ABD0001C4593E787001CC5828008450D810589C7
:10ABE00082801C4593E747001CC582800845098187
:10ABF000058982801C4591C537075000D98F1CC537
:10AC000082803707B0FF7D17F98FD5BFA54763F75F
:10AC1000B7048D47138765FF3307F7020328C50084
:10AC20009D47B397E70093C7F7FFB3F70701B396C4
:10AC3000E600DD8E54C5994763E3C70495477D164A
:10AC40003306F6025859FD47B397C70093C7F7FF7D
:10AC5000F98F3396C5005D8E50D982800D473387BA
:10AC6000E502032805019D47B397E70093C7F7FF67
:10AC7000B3F70701B396E600DD8E14C96DBFB14787
:10AC800063E2C702954765163306F6021859FD4779
:10AC9000B397C70093C7F7FFF98F3396C5005D8E52
:10ACA00010D9828095474D163306F6025855FD4758
:10ACB000B397C70093C7F7FFF98FB395C500DD8D34
:10ACC0004CD58280684542054181828008416D8D66
:10ACD0003335A00082805841144193D78500F58F09
:10ACE00099C713F5F50F798D3335A00082800145A2
:10ACF0008280A18193C5F5FF0CC18280B7076745AB
:10AD000037270240938737125CC3B797EFCD9387FD
:10AD1000B79A5CC38280372702401C4B93E7070831
:10AD20001CCB8280B7270240C8C78280B727024069
:10AD3000D8470545058B11EBD8470945118B11E71D
:10AD4000C8474189133515000D058280411122C481
:10AD500026C206C62A848544EFF05FFD631995007C
:10AD600019E0154531A0EFF07FFC7D14C5BF75D803
:10AD7000B2402244924441018280411126C2AA84F9
:10AD800037050B0006C622C4EFF05FFC914763163F
:10AD9000F502372402401C4837050B0093E72700D3
:10ADA0001CC844C81C4893E707041CC8EFF01FFAEE
:10ADB0001C4809677517F98F1CC88567F198BD8C09
:10ADC0009840B2402244B7270240D8DB9244410168
:10ADD0008280011122CC2A8409652EC606CE26CA9D
:10ADE000EFF0DFF69147B2456312F502B724024057
:10ADF0009C48096593E717009CC82310B400EFF046
:10AE0000FFF49C4809677917F98F9CC8856771988A
:10AE10003D8C1840F2406244B7270240D8DBD24450
:10AE2000056182809C4513F7070113F8F70001C7FD
:10AE3000D8413368E80083D5050013F7F50F39C30F
:10AE400018418146854E3D4F930F80029302800446
:10AE5000214E3396DE00B3F8C500631116039398B4
:10AE6000260033131F011343F3FF3377E300B318B6
:10AE7000180133E7E800639FF70550C98506E39A98
:10AE8000C6FD18C11307F00F6375B704544121467E
:10AE9000854E3D4F930F800293028004414EB3983C
:10AEA000CE0033F715016392E8021317260001174D
:10AEB0003313EF001343F3FFB376D3003317E800E7
:10AEC000D98E639DF701232A15010506E319C6FDF6
:10AED00054C18280E39457FA10C94DB7E39757FEE7
:10AEE00023281501DDB708456D8D3335A00082801C
:10AEF0000CC982804CC9828019C20CC982804CC99D
:10AF0000828023ACA1A68280938781A794430347C4
:10AF1000050089E683472500920731A8944305463A
:10AF20006391C60483472500034615009207631406
:10AF3000D60093E707F8B7E600E093F7F70FBA9665
:10AF40002380F6408546935757003397E6005441D7
:10AF5000ADC6938707048A07B7E600E0B69798C3A3
:10AF600082808C4389466393D502834615008347CC
:10AF700025006365D6008A06B69779BF9386E603F7
:10AF80008A06B69793F7F70F920765B790438D46F9
:10AF9000631ED60083461500834725006364D600F0
:10AFA0008606D9BF9386C6078606E1BF94439147BC
:10AFB000E39AF6F88347150085B79387070661BFC4
:10AFC000B7160240DC4251777D17F98F5D8DC8C2FC
:10AFD0008280371702405C439146B18B6385D7006E
:10AFE000A1466386D706B7177A00938707201CC14E
:10AFF000371602405C423707002013074708918349
:10B00000BD8BBA9783C607001C41B3D7D7005CC17C
:10B010005442A1829D8ABA9683C60600B3D6D70051
:10B0200014C55442AD829D8A369703470700B3D7B3
:10B03000E7005CC558423983937637001387018156
:10B04000369703470700B3D7E7021CC982805C43E9
:10B050005443C983BD8B1396F6008907634D0600E0
:10B060003747024003270780418B19CB37177A00F7
:10B070001307072011A858439316E700E3D806FEEC
:10B0800037173D0013070790B387E7028DB799C5BF
:10B09000371702401C4F5D8D08CF8280B7170240E2
:10B0A000984F1345F5FF798D88CF828099C5371762
:10B0B00002405C4F5D8D48CF8280B7170240D84F69
:10B0C0001345F5FF798DC8CF828099C537170240A7
:10B0D0005C475D8D48C78280B7170240D84713454B
:10B0E000F5FF798DC8C78280835705003737014047
:10B0F000130707C0C207C1836300E502370700409A
:10B10000630CE500130707406308E50037170040AC
:10B11000130707806317E50003D7250093F7F7F8B7
:10B12000D98F03D7650093F7F7CFC207C183D98FB3
:10B130002310F50083D745002316F50283D70500B9
:10B140002314F502B7370140938707C06316F50053
:10B1500083C785002318F5028547231AF5008280EE
:10B160008357050203D6050003D82500C207C18313
:10B17000F99BC207C1832310F5028357050283564A
:10B18000450003578501C207C183420741831377F6
:10B19000C7F8518F03D68500F59BC20633660601BA
:10B1A000D18F37360140130606C0C1826313C50232
:10B1B00003D6A500DD9B03D8E500D18F03D645005B
:10B1C000ED9B93F6F6CFD18F03D6C500336606010B
:10B1D000D18E2312D500231CE50003D76500231A66
:10B1E000E5022310F5028280835705026577130775
:10B1F000F7CFC207C183BD9BC207C1832310F502ED
:10B20000835705028356450003D88500C20713966D
:10B21000060183568501C18393F7F7FD758F83D6A9
:10B2200005004182A206558F83D62500420741833F
:10B23000B3E606019206D58FB7360140C207938662
:10B2400006C0C1836311D50483D6A50093F7F7F731
:10B2500003D8C5009206D58F83D64500C207C183A7
:10B26000920693F7F7FBD58FFD769386F63FF18E26
:10B2700003D6E500C207C183336606010A06D18EF4
:10B280001396060141822312C500231CE50003D753
:10B290006500231CE5022310F50282808357050018
:10B2A00091C593E717002310F5008280C207C18380
:10B2B000F99BC207C183C5BF8357450491C5216768
:10B2C000D98F2312F5048280C607C583DDBF83575B
:10B2D000C50009C6DD8D2316B500828093C5F5FF34
:10B2E000FD8DD5BF8357050091C593E7070823104F
:10B2F000F5008280C207C18393F7F7F7C207C183C5
:10B30000FDB783578501C207C183DD9BDD8D231CFB
:10B31000B500828003578501FD779387F77FF98F0A
:10B32000A205CD8FC207C183231CF5008280231A9A
:10B33000B5028280835705010355C500ED8F420594
:10B34000418189C76D8D3335A0008280014582809F
:10B3500093C5F5FFC205C1812318B50082808356CD
:10B360000501F577FD17F58F83D66500397122DC6D
:10B3700006DED58F03D7C5002318F5008356C50018
:10B38000FD779387379FF58F83D645002A842EC695
:10B39000D58F83D68500D58F83D6A500D58F23166C
:10B3A000F50083574501C207C18393F7F7CFD98FC3
:10B3B000231AF5006808EFF0DFC1B7470140938713
:10B3C0000780B245631EF404A2578356C400654744
:10B3D000B387E702C206C186984163D50604060713
:10B3E0000356C4004206B3D7E7021307400641865E
:10B3F000B3D6E702B3F7E7029206635706028E0759
:10B4000093872703B3D7E70213F77700B367D70013
:10B41000C207C1832314F400F25062542161828078
:10B42000925765B70A076DBF920793872703B3D773
:10B43000E702BD8BD58FE9BF81C98357C500096776
:10B44000D98F2316F50082800357C500F977FD17C1
:10B45000F98FC5BF93F5F51F2312B5008280035500
:10B4600005006D8D3335A0008280B707002083A7CB
:10B47000870F37177A0013070720B3D7E70293F730
:10B48000F70F238FF1A61307803EB387E702239EB1
:10B49000F1A68280B7F700E023A0070003C7E1A769
:10B4A00023820700A3820700238307003305A70236
:10B4B000A3830700054798C337F700E05C43E37FA9
:10B4C000F5FE8280B7F700E023A0070003D7C1A7ED
:10B4D00023820700A3820700238307003305A70206
:10B4E000A3830700054798C337F700E05C43E37F79
:10B4F000F5FE8280797122D42A8411658545110573
:10B5000006D6EFF0DFB8930700202312F1003715BD
:10B5100001408D473EC44C00E147130505803EC6FF
:10B52000EFF05F9022C837440140B70708000C08CD
:10B53000130504803ECC02CA231E0100EFF03FE257
:10B54000130504808545EFF03FEFB250225445616A
:10B550008280011126CAB744014022CC4AC84EC697
:10B5600006CEAE893289014493840480634A240163
:10B57000F24062444A85D2444249B2490561828020
:10B58000930500042685EFF09FED7DD9B3878900F0
:10B590008385070026850504C205C181EFF09FEB76
:10B5A000F1B73708100001117D183377B80026CAAB
:10B5B0003378D80093D4450113D34601131E3700C6
:10B5C0004EC61357D5010E089357D60193F4F47F56
:10B5D0001373F37F06CE22CC4AC893D9F50193DECC
:10B5E000F6013367C701131F350033E80701931FC6
:10B5F0003600338E64406380D9196356C0136304E8
:10B60000031CB70680009307F07F3368D800638F70
:10B61000F4369307800363C0C735FD4763CDC74742
:10B62000130500023305C541B3D7CF01B316A800F7
:10B630003399AF00DD8E33392001B357C80133E9A8
:10B6400026011D8F33092F41B3372F013306F740F1
:10B650009317860063D40724370780007D1733745F
:10B66000E600630C042C2285EF100055130785FFBC
:10B6700093070002998FB357F9003316E400D18F76
:10B680003319E9006341972A3305974013061500E3
:10B690007D47634DC73813070002118FB356C900A9
:10B6A0003319E9003397E700558F333920013369A7
:10B6B000270133D6C70081449377790081CF137770
:10B6C000F90091476308F700130749003339270150
:10B6D0004A963A899317860063D6071C138514008F
:10B6E0009307F07FCE856304F520B70780FFFD1731
:10B6F000F18F9398D70113593900A607B3E82801B1
:10B70000B1831375F57F9396C7005205F2406244EA
:10B71000B182FE05C98ECD8ED2444249B2494685DA
:10B72000B68505618280631E0E0A138314001373AD
:10B73000E37F63170322B367E701B368F801639DF2
:10B74000041A63870740638608443309FF41B3073F
:10B75000074133362F013386C7409317860063D6DF
:10B76000074C3389EF41B307E84033B62F013386E6
:10B77000C740F68991B76350C00F6300030CB7064A
:10B7800080009307F07F3368D800638AF43A930708
:10B79000800363CBC713FD4763DFC73513090EFE74
:10B7A00093070002B3562801630AFE001309000440
:10B7B0003309C94133192801B3EF2F013339F0019F
:10B7C0003369D90031A2B367F801638A071C930774
:10B7D000FEFF638C07389306F07F6309DE1A3E8E06
:10B7E0000DBDB305934063910422B367E7016387FE
:10B7F00007329387F5FF638107449306F07F638CDC
:10B80000D520BE859307800363CCB72AFD4763CF5D
:10B81000B73C930700028D8F3319F700B356BF0072
:10B82000B317FF003369D900B337F0003357B700BF
:10B830003369F9003308E84041ACB367F80163802D
:10B8400007349307FEFF638A07209306F07F63089F
:10B85000DE2E3E8E2DBF631E0E149386140093F7CA
:10B86000E67F63910734B367E7016395042C638037
:10B87000073EB367F801638E07303309FF01B30752
:10B880000701333FE9013386E7019317860063D749
:10B890000700B70780FFFD177D8E854493777900F9
:10B8A000E39F07E09317D60193583900B3E8F800F7
:10B8B000935736001307F07F638DE404B207B1831A
:10B8C00013F5F47FCE8581B53369F8013339200152
:10B8D0007A99B337E9013386E70093178600E3DFEF
:10B8E00007FA85049307F07F6396F418CE85130555
:10B8F000F07F8147814801BDC1EB6384083A93160C
:10B9000036009317D8018D82B3E8D700F689935794
:10B910003800B3E7F800F9DB81451305F07FB7077E
:10B9200008008148CDB3370680FF7D167D8E937762
:10B930007900998CE39507D8B5B74A85EF10C027F1
:10B9400013078501FD47E3D5E7D2130685FFB3173B
:10B95000C900014905BB3369F80133392001DDB164
:10B960003309FF413306074133342F013304864046
:10B970009317840063CD0724B3688900E39308CE4E
:10B980008147814981441DBFE39808F80E0593174C
:10B99000D7010D81B3E8A700935737009DBF0E056F
:10B9A0009317D7010D81B3E8A700F28493573700AE
:10B9B00011B73305934063820412B70680009307E2
:10B9C000F07F558F630DF32E9307800363CBA72081
:10B9D000FD4763C3A72A93070002898F3319F70035
:10B9E000B356AF00B317FF003369D900B337F00087
:10B9F0003357A7003369F9003A987E99B337F901B4
:10BA0000338607019A84D1BDB70680009307F07F83
:10BA1000558FE319F3DE931736008D839318D80101
:10BA2000B3E81701F68993573800E5B5130715FEFB
:10BA30009306000233D7E700630AD600930600049A
:10BA40003386C6403396C7003369C90033392001B5
:10BA50003369E9000146814491B53309FF01B30719
:10BA600007013336E9013E96931786008544E3D7F4
:10BA700007E28944B70780FFFD17F18F13571900BC
:10BA800013791900336927019398F70133E92801E5
:10BA900013D6170015B113090EFE93070002B35613
:10BAA0002801630AFE00130900043309C941331950
:10BAB0002801B3EF2F013339F0013369D90059B6AA
:10BAC0003369E7013339200133892F41B3B72F019F
:10BAD0003306F8409A84F689A5BEB367E70163820E
:10BAE00007189307F5FF6384071C9306F07F630430
:10BAF000D5123E85D1BD93070002B387C741B31667
:10BB0000F8003399FF0033D6CF01D18E33392001AD
:10BB1000B357C80133E926013E975DBB9317360042
:10BB20008D839318D801B3E81701AE84935738007A
:10BB3000F68949B3EDC33369F801E31F09DC0E054B
:10BB40009317D7010D81B368F50093573700D1B330
:10BB50006381080E931636009317D8018D82B3E8DF
:10BB6000D700F6899357380091BB3309FF41B307DB
:10BB70000741333F2F013386E7418544D1BC0E0591
:10BB80009317D7010D81B368F500F28493573700FE
:10BB900015B30E059317D7010D81B3E8A70093578E
:10BBA000370029BB9307F07FE382F6D43309FF0106
:10BBB0003336E901B3070701B2979398F701135998
:10BBC000190033E9280113D61700B684C1B93389A7
:10BBD000EF413307E84033B62F013304C740F689FD
:10BBE00049B43369E7013339200101BD938705FE6C
:10BBF00093060002B357F700638AD500930600044A
:10BC0000B385B6403317B700336FEF003339E00127
:10BC10003369F90055BD931736008D839318D80109
:10BC2000B3E8170193573800EDB1B368C900E39743
:10BC300008C68147814959B13389EF41B307E840CC
:10BC400033B62F013386C740F689854411B4931665
:10BC500036009317D8018D82B3E8D7009357380088
:10BC6000B1B9931636009317D8018D82B3E8D70087
:10BC7000AA84935738003DB9930705FE9306000246
:10BC8000B357F700630AD500930600043385A64036
:10BC90003317A700336FEF003339E0013369F90040
:10BCA000A9BB81451305F07FB7070800A9BC33097C
:10BCB000FF01B30707013336F9013E9675B39316BA
:10BCC00036009317D8018D82B3E8D7009357380018
:10BCD00089B1397193D7450122DC4AD856D22A89D5
:10BCE0001394C50006DE26DA4ED652D45AD05ECE64
:10BCF00013F5F77F318093DAF501630B0510930795
:10BD0000F07F630BF514135AD9010E0433648A00D3
:10BD1000370A8000336A4401131B3900930415C0AD
:10BD20000144814B13D846011399C6001378F87F5C
:10BD3000B2881359C90093D9F601630E0808930716
:10BD4000F07F6300F8041357D6010E093369270109
:10BD5000130818C0B70780003367F900931836003E
:10BD6000B38404418145BD4733C83A0163E4871A6F
:10BD7000973700009387C7770A043E9410403E9699
:10BD800002863367C900938414806312071013641A
:10BD9000240081488945C1BF1306F07F81470147D0
:10BDA000B207F25062545206B1837E08D18FB3E7D6
:10BDB0000701D2544259B259225A925A025BF24BAD
:10BDC0003A85BE852161828001481306F07FB7075E
:10BDD00008000147F1B73367C9004DC76308093050
:10BDE0004A8532C4EF00505D2246130755FFF547E0
:10BDF000930685FF998F3319D900B357F60033E7BF
:10BE00002701B318D60026959304353F8145A1BF7D
:10BE1000336A240163030A0636C632C46306042A61
:10BE20002285EF0070592246B246AA84130755FFB7
:10BE3000754A138B84FF330AEA4033146401335A82
:10BE40004901336A8A00331B69011305D0C0B3046A
:10BE500095400144814BF9B5336A240163180A0007
:10BE60002144014B9304F07F894B6DBD228A4A8B9C
:10BE700031449304F07F8D4B75B51144014B8144DF
:10BE8000854B4DB51364140081488545E9BD1364A5
:10BE900034004A878D45C1BD630A052E8547898FC9
:10BEA0009306800363DDF632014681470147CDBD2D
:10BEB000CE868947638DF53A8D47E387F5F0854750
:10BEC0003688E383F5FE1385F43FE357A0FC93F730
:10BED00078006396072893D638009317770063D8C5
:10BEE0000700B70700FFFD177D8F138504409307F8
:10BEF000E07FE3C3A7EA1316D70193179700B18336
:10BF00003367D6001376F57F61BDD6865287DA880F
:10BF1000DE8545B763614723630DEA20DA86FD14A9
:10BF20005284014B9317870013D388013363F300C6
:10BF3000935E0301B357D403131F0301135F0F0173
:10BF400093D50601139E88003374D4033307FF0290
:10BF50004204C18D63FBE5009A951386F7FF63EEFB
:10BF6000652663FCE526F9179A95998D33D7D50395
:10BF7000C206C182B3F5D5033306EF02C205D58DE3
:10BF800063FBC5009A959306F7FF63E6652463F4A7
:10BF9000C52479179A95C20741645D8F9307F4FF12
:10BFA0003375F70093580701935F0E01B377FE00D6
:10BFB000B302F502B386C540B383F80293D50201FC
:10BFC0003386AF021E962E963385F8036373760090
:10BFD0002295C168FD189355060133761601420675
:10BFE000B3F81201AA95469663E6B6126382B612BA
:10BFF0003306CB408D8E333BCB00338B66411385AC
:10C00000F43F630C6317B358DB0393550601337B8E
:10C01000DB03B3061F03420B33EB6501637BDB00DD
:10C020001A9B9385F8FF636D6B20637BDB20F91807
:10C030001A9B330BDB40B356DB0342064182337B52
:10C04000DB03330FDF02420B33666601637BE601DD
:10C050001A969385F6FF6367661E6375E61FF916E9
:10C060001A96C208B3E8D8009395080193D2080144
:10C07000C181B38EF5023306E641B385BF0293D684
:10C080000E01B387F202BE95AE96B38F5F0263F4E2
:10C09000F600C167BE9FC165FD1593D70601ED8E01
:10C0A000C206B3FEBE00BE9FF696637FF6091A96DF
:10C0B0009387F8FF6369661A6368F619630FF61BC6
:10C0C000BE8893E8180011B54A85EF00F02E1307DB
:10C0D0005501F145930405022246B246E3DAE5D460
:10C0E000130485FF331A8900014B85B3328532C4AE
:10C0F000EF00902C13075501F146AA87224613053D
:10C100000502E3D6E6CEE1173317F6008148E5B91C
:10C11000E370CBEE729B3335CB011A95AA961305CB
:10C12000F7FF6378D30263E6B6106382D5102A87DF
:10C13000C1B5E3651BDF93551B009316FA01135439
:10C140001A00CD8E7E0BF9BBE31DF6F7E38F06D602
:10C15000B9BFE31ED3FCE378CBFD2A8751BD93F72B
:10C16000F8009146E389D7D693B7C8FF9386480075
:10C1700093C717008D823E978DB381468547E34C68
:10C18000A0FEFD58E31C05D0930410C0854713851D
:10C19000E441B316A70033D6F8003395A800D18E3A
:10C1A0003335A000C98E13F676003357F70001CE61
:10C1B00093F7F60011466388C70093874600B3B62D
:10C1C000D7003697BE869317870063D807040546C5
:10C1D00081470147F1B636877DBBB28779B3FD460B
:10C1E000E3D7F6FA0556098E930600023356C700C8
:10C1F0006388D7009387E443B317F700B3E8F800E8
:10C20000B3361001D18E13F67600814701CE93F735
:10C21000F60011460147E392C7FA931797001316E9
:10C22000D701B18313D73600518F014695BEE37015
:10C23000CBF0729B3335CB011A957917AA964DBB7B
:10C24000AE88C5BBAE8631BD93171E0033BEC70195
:10C2500072931A96F9183E8EE315F6E7E307DEC6E9
:10C2600093E818009DB1BE88E30AF6FF99BD3688B1
:10C270001306F07F8147014725B6E367DEFCBE88E1
:10C28000E310DEFE99B139714AD813D945014ED673
:10C2900052D456D29399C50006DE22DC26DA5AD053
:10C2A0005ECE1379F97F2A8A93D9C90093DAF50112
:10C2B000630D090E9307F07F6305F9181354D50138
:10C2C0008E09B36934013704800033E48900931484
:10C2D0003500130919C08149814B13D74601139AC0
:10C2E000C6001377F77FB285135ACA0013DBF60135
:10C2F000630B07109307F07F6303F7049357D6018E
:10C300000E0A33EA4701130717C0B7078000B36767
:10C31000FA00931536003A99814833C76A01BD4641
:10C320003A851308190063E736171736000013061D
:10C3300026208A09B29983A60900B2968286B3673D
:10C34000CA001309F97F6398071293E92900814510
:10C350008948E1B701479307F07F3704080081441B
:10C360003204D20731807E075D8C598CA285F25051
:10C37000625426854259D254B259225A925A025BCB
:10C38000F24B216182805A853E84AE84C68B8947F8
:10C39000638CFB0E8D47E38FFBFA85472A87639BEF
:10C3A000FB3881470144814465BF33E4A9005DCC7B
:10C3B00036C632C4638A092A4E85EF00E07F2246E2
:10C3C000B246AA87130755FF7544938487FF198CDB
:10C3D000B399990033548A0033643401B3149A003A
:10C3E00013D746011309D0C0139AC6001377F77FFD
:10C3F0003309F9408149814BB285135ACA0013DBD6
:10C40000F601E31907EEB367CA00A9C7630E0A2253
:10C41000528532C4552722462A87930655FFF54791
:10C42000930587FF958F331ABA00B357F600B3E729
:10C430004701B315B6003309E9401309D9C0814853
:10C44000E9BD33E4A90001ECA14981441309F07F5F
:10C45000894B61B593E91900814585487DBD4E84BE
:10C46000AA84B1491309F07F8D4B85BD9149814460
:10C470000149854B9DB593E93900D2878D4871BD3F
:10C4800089475685E398FBF02A879307F07F01449C
:10C490008144F9B5C16E1386FEFF93D6040113DE05
:10C4A0000501F18CF18D338695023383B6029358E2
:10C4B000060133059E021A95AA98B382C60363F358
:10C4C0006800F692C16F1383FFFF33F5670093D3C3
:10C4D0000701B3F76800C207337366003E93330663
:10C4E000950293D80801B387A602135F0601B384AF
:10C4F0009302BE94FA94B38E760263F3F400FE9E28
:10C50000416A9307FAFF935F0401B376F400B3F92D
:10C51000F4007D8EC1803384D502C209338FD401EB
:10C52000B299CE98B307DE02935E0401B385BF02D1
:10C53000AE97BE9E330EFE0363F3BE00529EC167EC
:10C540009385F7FF33F6BE006D8C4206229693DE8C
:10C550000E01B305D502769E3385AF0213D40501D3
:10C56000B386D302AA96A296B38FF30363F3A60011
:10C57000BE9F41657D15B3F7A600C2076D8DAA97D2
:10C58000B3855800B3B93501FA97B29533843701B2
:10C5900033B6C500B30EC4013385CE003334340145
:10C5A000B3B7E701C18F33BECE0113D406013336D2
:10C5B000C5003E943366CE009394950032947E94E9
:10C5C000B3E46400260493567501B3349000DD8112
:10C5D00093179500CD8C558CDD8C9317740063DB1D
:10C5E000070093D7140085889316F401DD8CD58C51
:10C5F000058042899307F93F6357F00893F674006A
:10C6000081CE93F6F40011466388C60093864400F9
:10C61000B3B496002694B6849316740063D80600CB
:10C62000B70700FFFD177D8C930709409306E07F55
:10C6300063CDF60E93D634009314D4012604D58C22
:10C64000318093F7F77F29BB328532C4B523930637
:10C650005501F147130705022246E3D2D7DC6115E5
:10C66000B317A6008145C1BB812B13075501F145C6
:10C67000930705022246B246E3D8E5D46115331488
:10C68000AA008144B1BB85469D8EB1E71309E941FB
:10C69000B3972401B3D4D40033192401B337F00085
:10C6A000B3649900DD8C93F77400B356D40081CF46
:10C6B00093F7F40011466388C70093874400B3B42E
:10C6C0009700A696BE849397860063D80704854793
:10C6D0000144814471B113068003E344D6CC7D4606
:10C6E000E356D6FA0556B307F640930500023356D3
:10C6F000F4006387B6001309E943B3172401DD8C06
:10C70000B3349000D18C93F67400014499CA93F726
:10C71000F40011468146E392C7FA139496003180E3
:10C72000F6068D80D58C814725B99307F07F0144AB
:10C7300081443DB142897DBD93D74501B7061000C4
:10C740001387F6FF93F7F77F1306E03F2A886D8F74
:10C750000145FD816354F60099C1828082801306F1
:10C76000E0417D55E34BF6FE130530431D8D7D46BC
:10C77000558F634AA6009387D7BE3317F70033550A
:10C78000A800598D828013053041B307F540335519
:10C79000F7008280411106C622C426C205CD9357F8
:10C7A000F541B3C4A7009D8C2A84268531219306C8
:10C7B000E041898EA9477D8093F6F67F63CDA7027D
:10C7C0002D47098FB3D7E4005505B207B394A400F1
:10C7D000B18329A00144814681478144B207D20632
:10C7E000B1837E04D58FC18FB24022442685BE8599
:10C7F0009244410182805515B397A400B207B183DA
:10C800008144E9BF797122D4135475014ECE52CCC4
:10C810009319950006D626D24AD056CA5AC8137420
:10C82000F40F93D99900135AF50169C49307F00FD7
:10C830006308F40E9397390037070004B3E9E70063
:10C84000130414F88144014B13D77501939A950092
:10C850001377F70F93DA9A0013D9F50145CF9307B1
:10C86000F00F630CF7028E0A130717F8B7070004DE
:10C87000B3EAFA003A94014633452A01BD47AA8635
:10C880009305140063E0971017370000130747CE95
:10C890008A04BA949C40BA9782871304F40F639673
:10C8A0000A0C93E424000946C1BF01451307F00FA9
:10C8B000B7074000B2502254A6075E07A5837E0545
:10C8C000D98F92540259F249624AD24A424B5D8D45
:10C8D00045618280CA86D689328B8947630FFB08FF
:10C8E0008D47E304FBFC854736856310FB1A01473F
:10C8F0008147C9B7639D090413D77501939A9500C1
:10C900001377F70F91440144054B93DA9A0013D93A
:10C91000F50131F7639D0A0093E414000546A9BFB1
:10C9200063920902A1441304F00F094B31BF5685ED
:10C9300061249307B5FF098CB39AFA001304A4F895
:10C9400001461DBFB1441304F00F0D4BF5BD4E85DC
:10C950002EC69D249307B5FF1304A0F8B399F900E0
:10C96000098C8144014BB245C5B593E434000D46B2
:10C9700021B78947D286E315FBF636851307F00FFA
:10C9800081470DBF41639306F3FF13D6090193D886
:10C990000A01B3F7D900B3FADA0033885703B38931
:10C9A000F80213570801B30A5603D6994E97330677
:10C9B0001603637357011A96C167FD17B376F70024
:10C9C0003378F800C206C296939966009357070120
:10C9D000B3393001E982B2979A07B3E6D900B3E9D7
:10C9E000D7009397490063D9070013D7190093F72D
:10C9F0001900B369F7002E841307F4076350E004AD
:10CA000093F7790099C793F7F90091466383D700AC
:10CA100091099397490063D90700B70700F8FD17FC
:10CA2000B3F9F900130704089307E00F63CBE70499
:10CA300093976900A5831377F70FADBD8547B3863C
:10CA4000E74011C76D4601478147E345D6E6130726
:10CA5000E4093397E9003337E000B3D7D900D98F21
:10CA600013F7770019C713F7F70091466303D70050
:10CA7000910713975700634C07009A07A583014756
:10CA800015BD1307F00F814735B52E84B5B705479F
:10CA900081470DB513577501370680009307F6FFE0
:10CAA0001377F70F9305E007B3F6A7009357F50147
:10CAB000014563F4E50099C3828082809307E00911
:10CAC0007D55E3EBE7FE93055009B3E7C60063D756
:10CAD000E5001307A7F63395E70082801305600988
:10CAE0003307E54033D5E7008280411106C622C4F2
:10CAF00015CD2A84D1209307E0093387A7409307F7
:10CB0000600963C0E704A1469377F70F63D5A600D9
:10CB100061153314A40026042580260413559400BF
:10CB2000B2402244DE075D8D41018280014426042B
:10CB300013559400B24022448147DE075D8D4101C8
:10CB400082809307900963DDE7009307B50195465E
:10CB5000B317F400898EB337F0003354D4005D8CE2
:10CB6000954763D6A7009307B5FF3314F400B706C3
:10CB700000FCFD16937774003376D40085C3937759
:10CB8000F4009145638CB70011069317560063D7E4
:10CB900007009307F009758E3387A74013146600CA
:10CBA0002580260413559400B24022449377F70F52
:10CBB000DE075D8D41018280C167637EF5029307C8
:10CBC000F00F1307000263ECA7009737000093876C
:10CBD000279EAA9703C507003305A74082802181BD
:10CBE000973700009387C79CAA9703C50700614742
:10CBF0003305A7408280B7070001636EF5006181AD
:10CC0000973700009387C79AAA9703C50700214763
:10CC10003305A74082804181973700009387479969
:10CC2000AA9703C5070041473305A7408280B3C7D1
:10CC3000A5008D8B3307C50081E78D4763EEC700E4
:10CC4000AA876370E50A83C6050085078505A38F5B
:10CC5000D7FEE3EAE7FE828093763500AA8791CA81
:10CC600083C6050085078505A38FD7FE93F6370099
:10CC7000FDB79376C7FF138606FE63F0C70683A34E
:10CC8000050083A2450083AF850003AFC50083AED6
:10CC9000050103AE450103A3850183A8C501938562
:10CCA000450223A0770003A8C5FF23A2570023A4B1
:10CCB000F70123A6E70123A8D70123AAC70123ACC4
:10CCC000670023AE17019387470223AE07FF75B7AE
:10CCD00090419107910523AEC7FEE3EBD7FEE3E455
:10CCE000E7F68280011126CA4AC806CE22CC4EC67B
:10CCF00052C4AA842E8901C51C4D91E3B9239C4CD2
:10CD0000804499E326859123973700009387479CB9
:10CD1000631CF402C0408357C400A18BB1C71C48F8
:10CD2000A1C7FD59294A1C4483450900FD17B1E9F3
:10CD30001CC463DE07062286A9452685DD20FD5733
:10CD40006308F502294535A0973700009387479A75
:10CD50006314F4008044C1B7973700009387479568
:10CD6000E31BF4FAC04445BFA28526859D2A55D908
:10CD70007D55F2406244D2444249B249224A05619B
:10CD800082801CC4050963D70700184C63CBE700F9
:10CD9000638945011C401387170018C02380B70022
:10CDA00059B722862685B528E31F35F7D1B71C4031
:10CDB0001387170018C029472380E70061B79387BE
:10CDC0004181AA8588436FF0FFF135713ECBB707EB
:10CDD000008093C7F7FF3ECE3EC8C1779387872078
:10CDE00032C536C73AC942CD46CF3ECA9387418144
:10CDF0002AC42ACC884334012E862C0086DE36C213
:10CE0000EF00B012A24723800700F6500D61828028
:10CE1000AA8703C7050085078505A38FE7FE75FB75
:10CE20008280011122CC26CA4AC806CE4EC6AA84E8
:10CE30002E89328401C51C4D91E3012997370000EA
:10CE4000938707896319F406C0401C4C1CC48357A0
:10CE5000C400A18BC9C31C48BDCF1C4808409379AE
:10CE6000F90F1379F90F1D8D5C486346F500A28513
:10CE70002685652C2DE51C440505FD171CC41C40AA
:10CE80001387170018C0238037015C486389A70007
:10CE90008357C400858B81CBA9476316F900A2850F
:10CEA000268561240DEDF24062444A85D244424910
:10CEB000B2490561828097370000938767836314C6
:10CEC000F400804459B7972700009387677EE31EDC
:10CED000F4F6C0449DBFA285268521203DDD7D5905
:10CEE000D9B741119387418126C2844322C44AC0E5
:10CEF00006C62A892E8489C49C4C99E32685B126CE
:10CF0000972700009387C77C631CF402C040031777
:10CF1000C40093170701C18393F68700B5EE93F61B
:10CF200007019DEEA5472320F90013670704231688
:10CF3000E4007D55B240224492440249410182807E
:10CF4000972700009387C77A6314F4008044C1B721
:10CF5000972700009387C775E31BF4FAC04445BFC9
:10CF6000918B8DC74C5889C9930744046384F5009D
:10CF70004A85A923232A04028357C40023220400DC
:10CF800093F7B7FD2316F4001C481CC08357C40058
:10CF900093E787002316F4001C4881EF8357C400F1
:10CFA0001307002093F707286385E700A2854A85C9
:10CFB000B5218357C40013F7170005C75C48232425
:10CFC0000400B307F0401CCC1C480145A5F78317AB
:10CFD000C40013F7070839DF93E707042316F400AA
:10CFE00089BF898B014791E3584818C4F1BF83D7A3
:10CFF000C500011122CC26CA06CE4AC84EC613F778
:10D000008700AA842E8471EFD841634DE000B841B7
:10D01000634AE0000145F2406244D2444249B249C9
:10D020000561828058547DD703A904009396370187
:10D0300023A0040063DD060670488357C400918B6B
:10D0400099C75C401D8E5C5899C33C401D8E5C5452
:10D050000C50814626858297FD570357C400631DF7
:10D06000F5009440F54763E8D706B70740208507E9
:10D07000B3D7D700858BA5C31C48232204001CC04E
:10D080009317370163D80700FD576314F5009C40E0
:10D0900091E368C84C5823A02401ADDD93074404F4
:10D0A0006384F50026851929232A0402A5B70C50AC
:10D0B0000146854626850297FD572A86E31FF5F629
:10D0C0009C40A5DF75476385E70059476394E704F3
:10D0D00023A0240181B7136707042316E4007D55BC
:10D0E0001DBF83A90501E38709F203A905008D8B04
:10D0F00023A0350133093941014791E3D84918C4C8
:10D10000E35A20F11C540C50CA864E86268582971D
:10D110006349A0008357C40093E707042316F40073
:10D120007DBFAA993309A940E1BF9C49A5C301115C
:10D1300022CC06CE2A8411C51C4D81E72EC6312291
:10D14000B245972700009387A758639CF5004C4091
:10D150008397C5009DC722856244F24005616FF048
:10D160001FE9972700009387A7586394F5000C44A4
:10D17000C5B7972700009387A753E39BF5FC4C4462
:10D18000C1BFF24062440145056182800145828051
:10D19000411122C406C62A842316B5002317C500F0
:10D1A0002320050023220500232405002322050651
:10D1B00023280500232A0500232C0500214681454C
:10D1C0001305C505EF50DFF7971700009387A7BB3E
:10D1D0005CD097170000938707BE1CD497170000F8
:10D1E000938747C25CD497170000938707C500D088
:10D1F0001CD8B240224441018280970500009385EB
:10D2000005F391AA411126C2130680069384F5FF07
:10D21000B384C4024AC02E8922C406C6938544073B
:10D2200091262A8401CD23200500232225013105E2
:10D2300008C4138684068145EF509FF02285B240D2
:10D24000224492440249410182801C4DA5E74111CC
:10D2500006C622C497070000938767FA1CD59387F8
:10D2600001929C4323240504232605042328050456
:10D270006314F50085471CCD2A84352848C02285D3
:10D280001D2808C42285052848C448400146914508
:10D29000EFF01FF008440546A545EFF07FEF484446
:10D2A0000946C945EFF0DFEE85471CCCB240224469
:10D2B00041018280828041119387019226C284437A
:10D2C0004AC006C69C4C22C42A8981E72685EFF015
:10D2D000DFF7938484048044DC40FD1763D60700A5
:10D2E0009C40B9CF8440C5BF0317C40039E7C1775C
:10D2F000850723220406232004002322040023247C
:10D3000004005CC423280400232A0400232C040006
:10D31000214681451305C405EF509FE2232A0402EC
:10D32000232C040223240404232604042285B2406F
:10D33000224492440249410182801304840671BF51
:10D3400091454A85EFF01FEC88C049FDB147232085
:10D35000F9000144E1BF797122D44AD052CC56CAB7
:10D360005AC85EC606D626D24ECE2A8AAE8A130484
:10D3700085040149054BFD5B09ECB25022544A85F6
:10D3800092540259F249624AD24A424BB24B456129
:10D390008280044483294400FD1963D409000040BD
:10D3A000E1BF83D7C400637BFB008397E4006387FE
:10D3B0007701A6855285829A3369A90093848406F1
:10D3C000E1BF1971A6DAAE848395E500A2DC86DEA2
:10D3D000328463DC050083D7C40023A0060093F7E2
:10D3E000070885E7930700401DA0300836C6EF0008
:10D3F000502AB246E34105FE7247BD67F98F79773F
:10D40000BA9793B717009CC2F1BF930700041CC0E2
:10D41000F6506654D65401450961828083D7C50011
:10D42000011122CC06CE26CA4AC8898B2E8489CF08
:10D43000930774041CC01CC885475CC8F240624452
:10D44000D24442490561828074003000AA84EFF022
:10D450005FF7A2452A892685312201ED8317C40092
:10D4600013F7072061FFF19B93E727002316F400D1
:10D47000C1B797070000938787D89CD48357C4000F
:10D4800008C008C893E707082316F400A2475CC841
:10D49000B24791CF8315E4002685EF00302201C901
:10D4A0008357C400F19B93E717002316F4008357BA
:10D4B000C4003369F9002316240149B7DDC183A7ED
:10D4C000C5FF411122C406C626C21384C5FF63D31B
:10D4D00007003E94AA84EF00F029938701A89C439B
:10D4E00081EF2322040023A081A82244B240268594
:10D4F000924441016F003028637EF40014403307EA
:10D50000D4006396E7009843DC43369718C05CC0AC
:10D51000D9BFBA87D84319C3E37DE4FE9443338669
:10D52000D700631F86001040B29694C33386D7009D
:10D53000E31DC7FA10435843B29694C3D8C375B7D6
:10D540006375C400B1479CC04DB71040B306C4001A
:10D550006316D70014435843B29614C058C0C0C3D2
:10D5600069B78280011126CA93843500F19806CEEE
:10D5700022CC4AC84EC6A104B14763F5F404B144B5
:10D5800063E4B4042A89EF00F01E938701A898434E
:10D590003A8429E4938741A89C4399E781454A85C9
:10D5A000EF00A07B23A2A1A8A6854A85EF00E07A20
:10D5B000FD5963193507B1472320F9004A85EF006B
:10D5C000901B29A0E3DE04FAB1471CC10145F240DB
:10D5D0006244D2444249B249056182801C40858F31
:10D5E00063CF0702AD4663F6F6001CC03E9404C04C
:10D5F00031A05C406313870223A0F1A84A85EF00A5
:10D6000090171305B4009307440061993307F54060
:10D610005DDF3A94898F1CC05DBF5CC3C5B72287AC
:10D62000404085BF130435007198E30285FCB305C3
:10D63000A4404A851D27E31C35FBB5BF01114AC82C
:10D6400003A9850022CC52C45AC006CE26CA4EC6B3
:10D6500056C22E84328B368A63EE260983D7C500E4
:10D6600013F7074851C704408C495848AA8AB38920
:10D67000B4408D44B384E4020947B3C4E402138781
:10D6800016004E9763F3E400BA8493F70740D9C3BA
:10D69000A6855685EFF01FED2A890DE5B14723A039
:10D6A000FA008357C4007D5593E707042316F4005E
:10D6B000F2406244D2444249B249224A924A024B61
:10D6C000056182800C484E86EFF06FD68357C40008
:10D6D00093F7F7B793E707082316F40023282401EC
:10D6E00044C84E99B38434412320240104C4528990
:10D6F00063732A01528908404A86DA85EF00F002F6
:10D700001C440145B38727411CC41C403E9923207B
:10D71000240179BF26865685EF0010062A895DFD13
:10D720000C485685EFF09FD995BF83D7C50071711E
:10D7300026D34AD14ECF06D722D552CD56CB5AC981
:10D740005EC762C566C393F70708AA892E89B284AB
:10D75000B9C39C49A9E39305000436C6EFF09FE0E6
:10D760002320A9002328A900B24615E1B14723A030
:10D77000F9007D55BA502A549A540A59FA496A4A0E
:10D78000DA4A4A4BBA4B2A4C9A4C4D618280930735
:10D790000004232AF90093070002A30CF102930767
:10D7A000000302DA230DF10236CE930B5002972AC2
:10D7B0000000938AEAF5054C294B26848347040030
:10D7C00099C3639C7709B30C9440638E0C00E68682
:10D7D0002686CA854E85EFF07FE6FD576301F51A70
:10D7E000D256E69636DA83470400638A0718FD5757
:10D7F0009304140002D002D63ED202D4A301010643
:10D8000082DC83C50400154656851927138414004D
:10D81000825731E513F7070109C713070002A30177
:10D82000E10613F7870009C71307B002A301E10659
:10D8300083C604001307A002638BE602B257268456
:10D84000814625460347040093051400130707FD8E
:10D850006374E6068DC63ED61DA0050485B7330564
:10D8600055413315AC00C98F3ED0A28459BF7247D1
:10D8700093064700184336CE634907023AD603475A
:10D8800004009307E002631FF704034714009307A3
:10D89000A002631BF702F2470904138747009C4369
:10D8A0003ACE63C107023ED235A83307E04093E782
:10D8B00027003AD63ED0E1B7B387670385462E846A
:10D8C000BA9749B7FD57C5B7050402D281468147CB
:10D8D00025460347040093051400130707FD6376EC
:10D8E000E606F1F2834504000D46172500001305F6
:10D8F000A5E2392D11CD972700009387E7E11D8D13
:10D9000093070004B397A700025505045D8D2AD044
:10D9100083450400194617250000130525E09304EC
:10D920001400230CB102ED2325C59727FFFF938731
:10D93000676D95E70257F2471377071009CF9107F4
:10D940003ECED257D2973EDA8DBDB3876703854668
:10D950002E84BA97BDBF9D07E19BA107D5B7780874
:10D96000970600009386C6CD4A860C104E85970018
:10D970000000E7000000FD572A8AE314F5FC8357F6
:10D98000C9007D5593F70704E39607DE5255DDB3D2
:10D990007808970600009386A6CA4A860C104E8522
:10D9A000012AD1BF797156CA9C49BA8A984522D4B6
:10D9B00026D24ECE52CC06D64AD05AC85EC6AA89C6
:10D9C0002E84B284368A63D3E700BA879CC00347AB
:10D9D000340419C385079CC01C4093F7070281C714
:10D9E0009C4089079CC00329040013796900631ACD
:10D9F0000900130B9401FD5B5C449840998F634CC4
:10DA0000F9041C408346340493F70702B336D00070
:10DA1000A5EB13063404D2854E85829AFD57630325
:10DA2000F5041C4011469840998B544481446397F7
:10DA3000C700B384E64063D3040081441C44184803
:10DA40006354F700998FBE94014969047D5B639824
:10DA50002405014509A885465A86D2854E85829AB5
:10DA6000631E75017D55B250225492540259F249F9
:10DA7000624AD24A424BB24B456182800509ADBF32
:10DA80003307D40013060003A301C704034754045B
:10DA900093871600A2978906A381E7049DBF854658
:10DAA0002286D2854E85829AE30E65FB050945B72D
:10DAB000797122D426D24AD04ECE06D652CC56CA3E
:10DAC0005AC8B68983C68501930790063289AA840D
:10DAD0002E8413863504638DF60263E2D70693071E
:10DAE00080056388F61863EDD700638106229307EB
:10DAF0003004638EF60A930A24042301D404C9A0D7
:10DB0000930730066385F60A93074006E395F6FE11
:10DB10001C40084393F6070893054500C5C61C4101
:10DB20000CC363D807001307D002B307F040A3016A
:10DB3000E404972600009386E6BE29476DA8930764
:10DB400000076384F61663E5D7029307E006638B4C
:10DB5000F6189307F006E390F6FA0C401C4313F80E
:10DB60000508138547006307080608C39C438DA872
:10DB700093075007E383F6FE93078007638BF61243
:10DB800093073007E399F6F61C43D041814593860D
:10DB9000470014C383AA070056859D2E01C533058F
:10DBA000554148C05C401CC8A301040471A81C4333
:10DBB000930A2404938647009C4314C32301F4046E
:10DBC0008547D5B793F607041C410CC3B9DAC207E1
:10DBD000C18781BF93F5050408C3C9D983D707005E
:10DBE0001307F0066388E60E97260000938686B337
:10DBF0002947A30104044C400CC463C50500084038
:10DC00006D9908C099E3B28A91CDB28AB3F5E70263
:10DC1000FD1AB69583C505002380BA00B3D5E70287
:10DC200063F0E70CA147631EF7001C40858B91CB86
:10DC300058401C4863C7E70093070003A38FFAFE10
:10DC4000FD1A3306564110C84E87CA867000A28559
:10DC50002685EFF03FD57D5A631E450B7D55B250AA
:10DC6000225492540259F249624AD24A424B4561C7
:10DC70008280A382D504972600009386A6AA0C4032
:10DC8000084313F805081C411105630D080208C379
:10DC900013F7150001C793E505020CC04147B1FB1E
:10DCA0000C4093F5F5FD0CC0A9B79C4193E7070222
:10DCB0009CC193078007A302F40497260000938673
:10DCC000A6A775BF13F8050408C3E30308FCC20741
:10DCD000C1837DBF972600009386C6A4214711BF4C
:10DCE000AE872DB794411C43CC4913F80608138521
:10DCF00047006306080008C39C438CC301A808C3FF
:10DD000093F606049C43F5DA2390B7002328040019
:10DD1000B28A1DBF14485686CA8526858299E30FAC
:10DD200045F31C40898B8DE7B2474844E359F5F22F
:10DD30003E8535B785465686CA8526858299E30F86
:10DD400065F1050A5C443247998FE345FAFEE9BF65
:10DD5000014A930A94017D5BF5B7411122C42A84DC
:10DD60002E8523A0014006C6D524FD576317F50074
:10DD7000938701409C4391C31CC0B240224441019F
:10DD80008280411122C42E848395E50006C6892431
:10DD9000634905007C48AA977CC8B24022444101EF
:10DDA00082808357C4007D777D17F98F2316F40096
:10DDB000EDB783D7C500011122CC26CA4AC84EC68A
:10DDC00006CE93F70710AA842E843289B68991C7AC
:10DDD0008395E5008946014631228357C4007D774B
:10DDE0007D17F98F2316F4008315E4006244F24096
:10DDF000CE864A86B24942492685D24405613DA86D
:10DE0000411122C42E848395E50006C6E128FD5702
:10DE10000357C400631BF500FD77FD17F98F231628
:10DE2000F400B2402244410182808567D98F2316D5
:10DE3000F40068C8FDB78395E50005A8411122C428
:10DE40002A842E85B285368623A0014006C6EFD0EF
:10DE50004FF0FD576317F500938701409C4391C332
:10DE60001CC0B240224441018280411122C42A8454
:10DE70002E8523A0014006C6612AFD576317F500D1
:10DE8000938701409C4391C31CC0B240224441018E
:10DE90008280411122C42A842E85B28523A00140AC
:10DEA00006C6AD2AFD576317F500938701409C43D2
:10DEB00091C31CC0B240224441018280411122C45E
:10DEC0002A842E8523A0014006C6B92AFD57631770
:10DED000F500938701409C4391C31CC0B24022448B
:10DEE00041018280411122C42A842E85B285368662
:10DEF00023A0014006C63D2AFD576317F50093870E
:10DF000001409C4391C31CC0B24022444101828025
:10DF100093F5F50F2A966314C50001458280834767
:10DF20000500E38DB7FE0505FDB763F3A504B386D1
:10DF3000C500637FD5029345F6FF8147FD176393C4
:10DF4000F50082803387F600034807003387C70057
:10DF50002A9723000701DDB73387F50083460700C2
:10DF60003307F50085072300D700E317F6FE82800C
:10DF70008147E5BF8280828081E5B2856FF08FDEC8
:10DF8000011122CC06CE26CA4AC84EC6328401EE02
:10DF9000EFF0CFD20149F24062444A85D24442496F
:10DFA000B24905618280AE84AA8989282689E374F2
:10DFB00085FEA2854E85EFF0EFDA2A8969DDA68518
:10DFC0002286EFE0DFC6A6854E85EFF02FCFE1B7C2
:10DFD000411122C42A842E85B285368623A00140B1
:10DFE00006C6B928FD576317F500938701409C4387
:10DFF00091C31CC0B24022444101828083A7C5FF67
:10E000001385C7FF63D50700AA959C413E95828082
:10E010009307800523A0F1407D55828093078005FA
:10E0200023A0F1407D5582809307800523A0F14015
:10E03000014582809307800523A0F1407D558280B1
:10E040009307800523A0F1407D558280938781A8A6
:10E050009C4391C73E9523A4A1A83E8582809387C7
:10E0600041403E9523A4A1A83E8582805E330000F6
:10E07000C0330000FA3300003E3400007834000062
:10E08000B63400001C3500005C360000603700002C
:10E0900064380000683900006C3A00006C3B0000F6
:10E0A000F03B0000423C0000683C00009E3C000049
:10E0B000D63C0000FE3C00004A3D00006C3D0000E4
:10E0C000663E0000F43E0000F03F0000DA40000031
:10E0D000A641000044420000CE4500003646000044
:10E0E00070460000AA460000D846000030470000F5
:10E0F00024480000E248000074490000FE49000086
:10E10000FE490000804A0000F24A0000304B000047
:10E110006E4B0000AC4B0000EA4B0000284C0000A6
:10E12000CA4C0000844D00003A4E0000F04E000042
:10E13000A64F00005C500000D65D00003C5E000071
:10E140007A5E0000B65E0000E25E00004E5F0000F6
:10E150002E600000DA600000D861000030F300009B
:10E160009CF30000FC650000A4660000D06600007F
:10E170001867000088670000886700009267000049
:10E18000A2670000E4670000FC6800009E690000D0
:10E19000306A0000F26A0000166B0000366B000067
:10E1A000566B0000206C0000246C0000286C0000FE
:10E1B0002C6C0000306C0000346C0000386C0000E7
:10E1C0003C6C000042415454455259204D45544541
:10E1D000520000006D4000004325643A25642E255E
:10E1E0003032645620492E522E20256425730000BB
:10E1F0003A20202020202020202020202020202005
:10E2000020202000430000002573256425730000B2
:10E210004341504143495459000000002043313AE2
:10E22000200000002573257325732573000000006E
:10E230002573257325642573000000002043323ABE
:10E24000200000002043333A200000002043343AED
:10E25000200000002043353A200000002043363AD9
:10E260002000000025642E25730000004355525203
:10E27000454E540044454C5441205045414B3A00D2
:10E28000564F4C54414745204C494D49543A0000A3
:10E2900054494D45523A0000545249434B4C452095
:10E2A00043555252454E543A0000000020206D4123
:10E2B0000000000053544550204348415247453A1E
:10E2C000000000006D5600002573202573257300A3
:10E2D0002573202564257300560000002573202532
:10E2E0007300000025732025642E253032642573C9
:10E2F000000000004D696E0053544152543E2020EE
:10E300002020200053544550200000004355520067
:10E31000434150006D4100002573312025733A20A0
:10E3200025732573000000002573312025733A20E2
:10E3300025642573000000002573312025733A20E1
:10E340002025642573000000257325733A2025736A
:10E3500025730000257325733A202564257300007A
:10E36000257325733A2020256425730025733220F8
:10E3700025733A2025732573000000002573322091
:10E3800025733A2025642573000000002573322090
:10E3900025733A202025642573000000257333205F
:10E3A00025733A2025732573000000002573332060
:10E3B00025733A202564257300000000257333205F
:10E3C00025733A202025642573000000202020209A
:10E3D000202020202020202020202020202020203D
:10E3E00020000000435554204F4646002E000000F8
:10E3F00025733A20256425732564257300000000E9
:10E4000093A2BCC8A2979AC3AF000000B2C3C4963F
:10E41000ABC893C88AC8000096C3BFABBC95AB8B92
:10E42000C49A000096C3BAB4AF9A20B9BD968FC102
:10E43000C496910096C3AF8AB6C7C8A93A00000037
:10E44000A19196BFC295B1950000000096C3A8BDEA
:10E450008EB8C8B9C3000000BAA4C88F95B08D208B
:10E460008DC4BAC796C3C89A0000000091BFBAB461
:10E4700093C8B9C0BF000000ADC3BFB1C3A5ABA175
:10E48000990000009DC8B2C3C8B6C89A0000000039
:10E49000BAA1A1C39D9DA5BDA5C3C6BD0000000036
:10E4A000BD96C4BAC78EB8C8B9C33A00B9BD968F75
:10E4B000C1C49691000000009DBF9AC3208ABF91FD
:10E4C000000000009AABA9AF96C3BFAB9F953A007E
:10E4D000555342B9BC92ABC0A9000000B9BC95AB82
:10E4E000C09596C3BF8D923A00000000535450204F
:10E4F000000000004449534348415247494E4700F9
:10E500005245465245534800425245414B5F494EA1
:10E51000000000004F56455248454154494E4700BF
:10E5200042415454455259004552524F5200000046
:10E5300025732025732020253032643A253032643B
:10E540003A253032640000004348415247494E4763
:10E55000000000002573202573253032643A2530F1
:10E5600032643A2530326400257325732025303219
:10E57000643A253032643A253032640025732573BD
:10E580002020202020253032643A253032643A257C
:10E59000303264002573257320202020253032641A
:10E5A0003A253032643A2530326400004325643A1B
:10E5B000202573004325643A20257320257300002D
:10E5C0004325643A25642E25303164412025642E8C
:10E5D0002530326456202534646D41680000000007
:10E5E0004325643A444F4E452025642E253032643D
:10E5F00056202534646D4168000000004325643ACC
:10E60000302E25303264412025642E253031645669
:10E61000202534646D4168004325643A444F4E45DB
:10E62000202025642E2530316456202534646D4128
:10E63000680000004325643A25642E2564412025A6
:10E64000642E2530326456202534646D4168000004
:10E6500000004D450000803943555252454E54202C
:10E660004C494D4954494E47000000004155544F14
:10E6700000000000464F5257415244005245564553
:10E680005253450054494D45523A20003A2020202B
:10E6900000000000257325732573000025733A25BB
:10E6A00064257325642573004100000025733A2515
:10E6B0007325730025733A2573000000564F4C54A0
:10E6C00041474500444952454354494F4E000000DC
:10E6D0004D4F544F522052554E000000204F56458A
:10E6E000524C4F4144200000444F4E452000000052
:10E6F00050415553452020004241434B20544F2068
:10E700004D454E5500000000257320203A20256419
:10E710002E25303264410000257325732530326484
:10E720003A253032643A253032640000202020201F
:10E7300020202020202020202020202020202020D9
:10E7400000000000257325733A2025642E25303201
:10E7500064562000257325733A25730025733A20EB
:10E7600025732020202020200000000020202020D1
:10E7700025732020202000004348415247450000D7
:10E7800044495343484152474500000052455354C1
:10E790002054494D450000004359434C45000000BA
:10E7A00025733A202573000025733A202564000064
:10E7B0004241434B4C494748540000002020204D23
:10E7C000696E000020204D696E000000534F554EC9
:10E7D0004400000054454D5020554E49540000005F
:10E7E000274300002746000054454D5045524154F0
:10E7F0005552453A000000004649524D5741524596
:10E80000205550444154450044454641554C542000
:10E8100053455454494E470053595354454D20498C
:10E820004E464F004C414E475541474500000000C1
:10E8300025733A202564204D696E000025733A2027
:10E8400020200000454E474C495348004C414E475C
:10E85000554147453A200000504F574552000000AF
:10E860004F5554505554000054494D450000000088
:10E87000555342200000000025732025733A25647B
:10E880002E253031642573005700000025733A258A
:10E89000642E2530316425730000000025733A256D
:10E8A0006425730025733A20253032643A253032CE
:10E8B000643A2530326400004348415247452020E5
:10E8C00020202020202020202020200044495343C5
:10E8D0004841524745202020202020202020200091
:10E8E00052454652455348202020202020202020F9
:10E8F00020202000425245414B2D494E202020200F
:10E9000020202020202020004241545445525920EC
:10E910004D45544552202020202020004D4F544F7B
:10E92000522052554E202020202020202020200040
:10E9300055534220504F5745522020202020202060
:10E940002020200053595354454D205345545449D9
:10E950004E4720202020200055534220504F57453D
:10E9600052202020202020202020000053595354E2
:10E97000454D2053455454494E4720202020000047
:10E980002E730000507300005E7300002E730000B1
:10E990006C73000074730000CE760000CE76000029
:10E9A000CE760000CE760000CE760000CE76000057
:10E9B000FC760000FC760000FC760000FC7600008F
:10E9C000FC760000FC7600001E7800001E78000037
:10E9D0001E7800001E7800001E7800001E780000DF
:10E9E0000A7900007C780000B8780000D478000034
:10E9F000F478000004790000FFFFFFFF0100000031
:10EA000000000000FFFFFFFF020000000100000007
:10EA1000FFFFFFFF0300000002000000FFFFFFFFF9
:10EA20000400000003000000FFFFFFFF05000000DE
:10EA300004000000FFFFFFFF0600000005000000CB
:10EA400000000000070000000600000001000000B8
:10EA5000070000000700000002000000070000009F
:10EA6000080000000300000007000000090000008B
:10EA700004000000070000000A000000050000007C
:10EA8000070000000B000000000000000A0000006A
:10EA90000C000000010000000A0000000D00000052
:10EAA000020000000A0000000E0000000300000049
:10EAB0000A0000000F000000040000000A0000002F
:10EAC00010000000050000000A0000001100000016
:10EAD0000600000007000000120000000700000010
:10EAE0000700000013000000060000000A000000FC
:10EAF00014000000070000000A00000015000000DC
:10EB0000FFFFFFFF0C00000016000000FFFFFFFFEB
:10EB10000D00000017000000147B0000307B000097
:10EB20003C7B0000487B0000587B0000647B0000B9
:10EB3000000000000000002F000000070007001484
:10EB40007F147F14242A7F2A12C4C810264636490F
:10EB500055225000000003030402FF02042040FF7E
:10EB6000402014083E081408083E080800005030F1
:10EB70000010101010100060600000201008040247
:10EB80003E5149453E00427F400042615149462185
:10EB900041454B311814127F1027454545393C4AF1
:10EBA0004949300171090503364949493606494941
:10EBB000291E003636000000563600000814224197
:10EBC000001414141414007F3E1C0802015109069D
:10EBD0004C7202724C7E1111117E7F494949363EBA
:10EBE000414141227F4141221C7F494949417F09DE
:10EBF0000909013E4149497A7F0808087F00417FA1
:10EC000041002040413F017F081422417F404040A5
:10EC1000407F020C027F7F0408107F3E4141413E4D
:10EC20007F090909063E4151215E7F09192946469F
:10EC30004949493101017F01013F4040403F1F20C8
:10EC400040201F3F4038403F63140814630708709A
:10EC500008076151494543007F414100552A552A23
:10EC6000550041417F000402010204404040404001
:10EC7000000102040020545454787F48444438383A
:10EC800044444420384444487F3854545418087E3F
:10EC90000901020C5252523E7F0804047800447D60
:10ECA00040002040443D007F1028440000417F4048
:10ECB000007C041804787C08040478384444443800
:10ECC0007C14141408081414187C7C0804040848E4
:10ECD00054545420043F4440203C4040207C1C209D
:10ECE00040201C3C4030403C44281028440C5050EC
:10ECF000503C4464544C4400070507002020A87091
:10ED000020103854101058640464580402FF0204A0
:10ED1000000001000000000000008080808080C0B2
:10ED2000C0C0C0C0E0E0E0E0E0F0F0F0F0F0F8F8E3
:10ED3000F8F8F8FCFCFCFCFCFEFEFEFEFEFFFFFF0C
:10ED4000FFFF08464A321E002A2A2A4000705070EF
:10ED50000001413D09070A4A3E0908382422207073
:10ED6000000007010110087C02010E004E201E4029
:10ED70002810280640407000000E0223120E0445A1
:10ED80003D05040A3E4A4A4A102040000042427EA5
:10ED90004242007F081000047F04140C0018180081
:10EDA0000022120A7F0244241F04044042427E4093
:10EDB0000A0A4A2A1E423F02423E40424242404A1A
:10EDC0004A4A4A7E044434140C0A0A7F0A0A422A38
:10EDD000122A06040545251C201078040008464226
:10EDE000221E22127B1622000F40201F18084C48BA
:10EDF000380403423E020040201F003C003E4030E9
:10EE000044447C4444424242427E78000204787E7C
:10EE1000402010084828187C08024F221F023F4457
:10EE20004444447E4242427E087C0828184A4A40B4
:10EE3000201C424242221E0E0242221E40484878B6
:10EE4000404222122A46040204083042424020185E
:10EE50005454547C00023F424A4632027F0232023E
:10EE6000040102001800584038064840201E0212D3
:10EE700022520E000705070008080808087F4949C4
:10EE8000497F7A26FF267A08492A1C08081C2A4945
:10EE90000800000042275E259623E8215220D31E59
:10EEA000691D131CD01A9F197E186A1765166C15F8
:10EEB0007F149E13C812FC113A118110D10F280F34
:10EEC000870EED0D5A0DCD0C470CC70B4D0BD90A13
:10EED000690AFF099A093909DC0883082E08DC074A
:10EEE0008E074307FC06B60673063306F605BB0518
:10EEF00083054D051A05E904B9048C046004360441
:10EF00000E04E803C303A0037F035E034003220350
:10EF10000603EB02D102B7029F02880272025C0272
:10EF20004802340221020F02FD01EC01DC01CC0198
:10EF3000BD01AF01A001930186017A017001620158
:10EF400057014C01420138012E0125011C0113011A
:10EF50000B010301FB00F300EC00E500DE00D8002C
:10EF6000D100CB00C500C000BA00B500B000AB00B6
:10EF7000A600A1009D009800940090008C008800DD
:10EF8000840081007D007A007600730070006D00BF
:10EF90006A0068006500620060005D005B00590067
:10EFA00056005400520050004E004C004A004800E9
:10EFB000460045004300410040003E003D003B004C
:10EFC0003A003900370036003500340044AA00000A
:10EFD00088AA00008EAA000094AA000048AA000097
:10EFE0009AAA0000B0AA0000DC05DC05DC05DC05FF
:10EFF000DC05DC05DC05E80305003C00A00500009D
:10F000002300E80320032003200320032003200320
:10F01000200384031E000100D007D007D007D007CB
:10F02000D007D0070000C409DC05E803D007F401CD
:10F030001E000100B80BD0070000580201000000BC
:10F040005741524E494E4700494E50555420455263
:10F05000524F52002020204443202573202020209E
:10F0600000000000A29F95ABC0A920B0A7C8000077
:10F0700053595354454D20494E464F524D415449E2
:10F080004F4E0000202020202048573A205625646B
:10F090002E25303264202020202000002020202037
:10F0A0002046573A205625642E25303264632020AE
:10F0B0002020000000000000000000000020AC4004
:10F0C0000000000000408F4000FFFE7FFD3FFE1F5C
:10F0D000FF0E070C08000818383C7CFFFCFDFEF111
:10F0E000FF06FEFCF8F0E0C080F600050103070F04
:10F0F0003F7FFCFF04FEFCF0E080FC0001061EFFE9
:10F10000FEFCFC00F3F8030001FEFE11FF7F7F3FD1
:10F110003F1F1F0FF8FCFCFE7F3F1F70F8FCFBFF3A
:10F12000FFFE06FCF8F0E0E0C080EA000780818383
:10F13000878FDFFFBFFB3FFA1F051E1C100000601A
:10F14000FCE0FFC002C1C7CFFFFFFD7FFFFF02FE53
:10F15000F0C0FE00FC0101027CFAFCFDFEFE01FE97
:10F1600000FF80FFC0FFE00D0F070301C0E00C07A8
:10F17000010080C0EF07FF7FFD3FFC1FFB0F020077
:10F180000F1FFD3FF83EFFBE029EC09FFCBF059FC4
:10F19000C0F8F3C79FFDBF043E38330300FF3EFDB8
:10F1A0003F06071171F0E1C79FFCBF03BE98409F67
:10F1B000F8BFF93FFE00001FFABFFB3FFFBF0B9FE8
:10F1C000C0FE7F3FFFF0FC7E1FFBFCF0FF0001FF55
:10F1D000FDFDFC010080FE00FA030000FAFF007F45
:10F1E000FDFF04FBE0CE1F7FFCFF040FECE1FDFC04
:10F1F000FEFF007FFEFF07FCF9E2C08020E000FA7E
:10F20000FF04005F5F1F7FFCFF03FC01FE00FCFFAB
:10F210000900404060607070784703FF01FE0006FF
:10F2200080C0400F0701C0FF00FB80F9C003E1E38D
:10F23000E0D7F8170007FBFF01FE00FAFF03C0F05C
:10F24000FCFEFEFF087F1F87838180000F7FFEFF8B
:10F250000000FAFF0100E0FB00FAFF0200E0F8FB0B
:10F26000FF020F63C0FF00FCFFFB070017FCF70A5B
:10F27000F07F3F1F0F38FCFEFFFF3FF400040F3FFD
:10F28000FFFF0FF3EF05CF9F3F7F0FEEFBE0FC008A
:10F290000180C0FCE0026808F8FEF001E000FBE03D
:10F2A00000C0F900FAE0FD0000C0FBE0FE0000C075
:10F2B000F3E005E8EC0EFFFCF0FD000280C0E0F595
:10F2C00000FA8004C080C0C080FFC0F680A80000A3
:10F2D00001800000000000000000000000000000AD
:10F2E000000000000000000000000000000000001E
:10F2F000000000000000000000000000000000000E
:10F3000000000000000000000000000000000000FD
:10F3100000000000000000000000000000000000ED
:10F3200000000000000000000000000000000000DD
:10F3300083D5611E63980500835544002393B11E55
:10F340006F0040009306803EB3F8D502B3D6D502D5
:10F3500093074006B3D7F8023766000013068640CD
:10F3600037E700001307C73E37E800001308882D71
:10F37000138561D9B7E500009385C569EFD0FFA477
:10F380009387C1A803D7611E83D6A7006386E600D2
:10F3900023AA01922395E7006F60BFC583D5E121C1
:10F3A000638605026F70AF8A376600001306464118
:10F3B00013000000130000001385C1DAB7E5000058
:10F3C00093858520EFD07FA06F0040023766000054
:10F3D00013064641B7E600009386863E1385C1DAE0
:10F3E000B765000093855542EFD03F9E9387C1A833
:10F3F00003D7E12183D6C7006386E60023AA0192E2
:10F400002396E7006F60FFBED65D00003C5E000003
:10F410007A5E0000B65E0000E25E00003863000025
:10F420005463000021C683860500850563CE06006F
:10F43000850603C7050085052300E50005057D1643
:10F4400015C6FD16FDF6F9BF1387060809CFFD1690
:10F4500003C7050085052300E50005057D1619C6CF
:10F460008506F5FAC1B79385C5196DBF8280000F77
:10F47000000000000000000000000000000000008C
:10F48000000000000000000000000000000000007C
:10F49000000000000000000000000000000000006C
:10F4A000000000000000000000000000000000005C
:10F4B000000000000000000000000000000000004C
:10F4C000000000000000000053746172742050724C
:10F4D0006F6772616D20210D0000000042746E5252
:10F4E0006F6C6C5F53686F7274200D0028CAFFFF49
:10F4F000ACC8FFFFBCC9FFFFC4C9FFFFBCC9FFFF09
:10F50000DCC8FFFFBCC9FFFFC4C9FFFFACC8FFFFD9
:10F51000ACC8FFFFDCC8FFFFC4C9FFFF1ECAFFFF66
:10F520001ECAFFFF1ECAFFFFDCC8FFFF68CFFFFF38
:10F530005CCEFFFF5CCEFFFF5ACEFFFF62CEFFFF27
:10F5400062CEFFFF28CEFFFF5ACEFFFF62CEFFFF45
:10F5500028CEFFFF62CEFFFF5ACEFFFF54CFFFFF42
:10F5600054CFFFFF54CFFFFF28CEFFFF18D4FFFF7B
:10F570006AD3FFFF6AD3FFFF68D3FFFF6ED3FFFF9D
:10F580006ED3FFFF3ED3FFFF68D3FFFF6ED3FFFFB5
:10F590003ED3FFFF6ED3FFFF68D3FFFF06D4FFFF0C
:10F5A00006D4FFFF06D4FFFF3ED3FFFF0001020297
:10F5B000030303030404040404040404050505050B
:10F5C00005050505050505050505050506060606E7
:10F5D00006060606060606060606060606060606CB
:10F5E00006060606060606060606060607070707B7
:10F5F000070707070707070707070707070707079B
:10F60000070707070707070707070707070707078A
:10F61000070707070707070707070707070707077A
:10F620000707070707070707070707070808080866
:10F63000080808080808080808080808080808084A
:10F64000080808080808080808080808080808083A
:10F65000080808080808080808080808080808082A
:10F66000080808080808080808080808080808081A
:10F67000080808080808080808080808080808080A
:10F6800008080808080808080808080808080808FA
:10F6900008080808080808080808080808080808EA
:10F6A00008080808080808080808080800000000FA
:10F6B000000000000000000000000000000000004A
:10F6C000000000000000000000000000000000003A
:10F6D000000000000000000000000000000000002A
:10F6E000000000000000000000000000000000001A
:10F6F000000000000000000000000000000000000A
:10F70000000000000000000000000000232D302B4E
:10F7100020000000686C4C006566674546470000A5
:10F720003031323334353637383941424344454637
:10F7300000000000303132333435363738396162F9
:08F7400063646566000000002F
:10F74800340100204CE4000098010020240100202E
:10F758000CE4000070010020D0E40000ACE40000DC
:10F76800E0010020E4010020E8010020EC01002075
:10F77800F0010020F4010020F8010020FC01002025
:10F78800B8E80000CCE80000E0E80000F4E8000079
:10F7980008E900001CE9000044E9000044E9000011
:10F7A8001CE9000058E900006CE90000E803E803E0
:10F7B800E803E803E803E8032D002D002D002D00E1
:10F7C8002D002D00000000000102030401020304C3
:10F7D8000607080900000000CCF60000ECF600005F
:10F7E800ACF600000000000000000000000000006F
:10F7F8000000000000000000000000000000000001
:10F8080000000000000000000000000000000000F0
:10F8180000000000000000000000000000000000E0
:10F8280000000000000000000000000000000000D0
:10F83800000000000000000000A24A0408080808B0
:10F8480008080500001000000204060894000020C3
:10F858009DC89A00B2C3C4A9A7919A00B2C3C4961E
:10F86800ABC80000BAC3B3C8A991BF00A395ABC089
:10F87800950000008EB8C8B9C300000096C3BFAB9E
:10F888009F950000A1C49A9DBA000000B591A9AF48
:10F8980000000000A1BFABC09500000099A7C800F8
:10F8A800BAB4BBC89AC30000B6C3C8BAC700000040
:10F8B80097C88AC852554E009DBA00009DBF0000E7
:10F8C800B9BC92ABC0A90000918EB9C39691B9009A
:10F8D800B2C7BBC800000000ABBAB3C4B9BC0000D3
:10F8E80091BF8AC8B2C3AF00ABB2C3C8BD000000A5
:10F8F800C9CA0000BD8AC89A3E000000BD9692BAE7
:10F90800C70000009DBF9AC33A0000008A918F008B
:10F918008A91C6C83A00000096C3BF8D92000000C5
:10F928002020CC0020CCC800CCC82000C820200053
:10F93800CB202000C8CB200020C8CB002020C80046
:10F948000706050403020100FFFEFCF8F0E0C08092
:10F95800AD91B1A900000000940000200000000053
:0400000300003000C9
:00000001FF
